tree
version=v4
num_class=1
num_tree_per_iteration=1
label_index=0
max_feature_idx=10
objective=lambdarank
feature_names=Column_0 Column_1 Column_2 Column_3 Column_4 Column_5 Column_6 Column_7 Column_8 Column_9 Column_10
feature_infos=[0:0.80000001192092896] [0:1] [0:1] [0:1] [-1.7000000476837158:1.940000057220459] [-36:60] [-4:5] [-38:39] [-3:3] [-2:4] [0:1]
tree_sizes=1808 1796 1804 1806 1790 1794 1791 1805 1796 1795 1788 1812 1790 1806 1808 1805 1809 1798 1801 1801 1808 1811 1806 1803 1809 1800 1808 1783 1807 1802 1799 1810 1799 1801 1810 1801 1804 1807 1814 1799 1813 1818 1812 1808 1812 1809 1804 1792 1794 1814 1801 1804 1814 1808 1814 1808 1800 1801 1805 1811 1806 1801 1784 1796 1813 1799 1807 1806 1796 1816 1792 1807 1809 1803 1804 1811 1787 1798 1800 1798 1779 1800 1805 1791 1807 1790 1800 1783 1799 1782 1811 1809 1809 1798 1805 1778 1805 1809 1804 1805

Tree=0
num_leaves=15
num_cat=0
split_feature=1 4 7 3 7 0 7 3 6 5 1 9 8 5
split_gain=701.573 206.751 179.742 105.936 82.0754 81.1156 90.7028 59.6504 57.5463 49.9149 50.2673 36.9803 36.1577 34.4337
threshold=1.0000000180025095e-35 -1.0000000180025095e-35 -1.0000000180025095e-35 1.0000000180025095e-35 -1.0000000180025095e-35 0.25000000745058065 -32.499999999999993 1.0000000180025095e-35 -1.0000000180025095e-35 -1.0000000180025095e-35 1.0000000180025095e-35 -1.0000000180025095e-35 -1.0000000180025095e-35 -1.0000000180025095e-35
decision_type=8 8 10 8 8 10 10 8 8 8 10 8 8 8
left_child=3 -2 5 -1 -5 6 13 -8 -4 -10 -11 -12 -13 -3
right_child=1 2 8 4 -6 -7 7 -9 9 10 11 12 -14 -15
leaf_value=-0.086693935134096692 -0.062526705526667836 -0.039804950932994271 -0.050838911136428258 -0.097242950353082863 -0.012138355091880323 0.050314977928637032 -0.072708871459199409 0.0016548317702318564 -0.00019005435950807917 0.025776450397245767 -0.0010260879112583905 -0.0055445606963223371 0.094592515824321821 0.028135793827290534
leaf_weight=173.49273228191305 58.301715549314395 20.163958915509284 9.7677793842740339 35.270656247274019 131.13826704153325 104.35320421517827 55.564397039823234 51.453927134629339 24.121901027159765 44.308459081221372 11.787810186855493 9.3403889127075654 193.3700827320572 162.58987890998833
leaf_count=7271 2609 824 389 1738 4023 2186 2528 1554 766 1101 298 305 2356 3828
internal_value=-1.45344e-10 0.0271516 0.0348439 -0.0594261 -0.0306495 0.0127433 -0.000913534 -0.0372708 0.0644584 0.0686039 0.0749919 0.0849914 0.0899739 0.0204638
internal_weight=1085.03 745.124 686.822 339.902 166.409 394.125 289.772 107.018 292.696 282.929 258.807 214.498 202.71 182.754
internal_count=31776 18744 16135 13032 5761 10920 8734 4082 5215 4826 4060 2959 2661 4652
is_linear=0
shrinkage=0.05


Tree=1
num_leaves=15
num_cat=0
split_feature=1 7 6 4 0 7 0 5 3 8 3 5 6 1
split_gain=1134.99 481.348 236.453 203.842 169.566 150.916 117.293 113.281 94.7758 79.0247 69.4248 84.3516 60.3055 57.9962
threshold=1.0000000180025095e-35 -1.0000000180025095e-35 1.0000000180025095e-35 -1.0000000180025095e-35 1.0000000180025095e-35 -32.499999999999993 0.35000000894069677 -1.0000000180025095e-35 1.0000000180025095e-35 -1.0000000180025095e-35 1.0000000180025095e-35 -1.0000000180025095e-35 -1.0000000180025095e-35 1.0000000180025095e-35
decision_type=8 10 8 8 10 10 10 8 8 8 10 8 8 10
left_child=-1 2 -2 -3 13 10 8 -6 -7 -9 11 -4 -11 -5
right_child=1 3 5 4 7 6 -8 9 -10 12 -12 -13 -14 -15
leaf_value=-0.068012296363585745 -0.058918170875058157 -0.044377967893814041 -0.064403300425447396 -0.01942623268287089 -0.0061236358439982277 -0.065563426999871041 0.0434030158843281 -0.014403519382933756 -0.0069870004339859784 -0.041575067102538478 0.042981255223489563 0.013935858659672024 0.076659255758427414 0.032146084511907883
leaf_weight=493.83381988410838 172.72823954676278 60.863128239521757 36.453160034958273 84.554936029482633 53.105212247930467 137.66705615073442 54.41733773984015 26.036789678037167 138.08725218381733 10.421273795422165 197.60525735607371 416.65360306063667 525.48871722072363 149.77139093633741
leaf_count=13032 1991 1275 615 882 604 2936 377 330 1748 222 1395 3192 2309 868
internal_value=5.99437e-12 0.0162989 -0.00515256 0.0434616 0.0498006 0.00436564 -0.023124 0.0635736 -0.0363618 0.0701593 0.018328 0.0075054 0.0742869 0.0135331
internal_weight=2557.69 2063.85 1153.61 910.241 849.378 980.884 330.172 615.052 275.754 561.947 650.712 453.107 535.91 234.326
internal_count=31776 18744 12254 6490 5215 10263 5061 3465 4684 2861 5202 3807 2531 1750
is_linear=0
shrinkage=0.05


Tree=2
num_leaves=15
num_cat=0
split_feature=0 7 4 3 9 7 8 3 5 0 3 1 5 5
split_gain=1027.37 293.117 149.936 129.496 100.708 93.0841 84.8581 83.3441 68.8571 59.1519 57.1849 95.2931 53.5692 45.4723
threshold=1.0000000180025095e-35 -1.0000000180025095e-35 0.024999999441206459 1.0000000180025095e-35 -1.0000000180025095e-35 -1.0000000180025095e-35 -1.0000000180025095e-35 1.0000000180025095e-35 -1.0000000180025095e-35 0.35000000894069677 1.0000000180025095e-35 1.0000000180025095e-35 -1.0000000180025095e-35 -1.0000000180025095e-35
decision_type=8 8 10 10 8 8 10 10 10 10 8 10 8 8
left_child=5 7 3 12 -4 -1 -6 9 -8 -2 11 -7 -3 -12
right_child=1 2 4 -5 6 10 8 -9 -10 -11 13 -13 -14 -15
leaf_value=-0.088235669065605801 -0.057164329232554115 -0.072578595599529769 -0.029457342211569423 0.036839435130795399 0.016160585612577241 -0.078808631900342541 0.020683967312066787 0.0080065032304069035 0.067006107566342496 0.010098069030297125 -0.086560066243606251 -0.011224549460230953 -0.0021591851299812555 -0.018383726944078017
leaf_weight=147.11247998103499 153.10228413715959 28.521395792718977 41.630838077981025 295.69862933224067 147.74226721422747 182.71357858995907 98.480792777612805 135.87263063015416 460.48715405771509 41.1408561905846 26.594962295144796 73.353166890330613 317.88960855640471 225.78588520421181
leaf_count=3876 3511 791 433 1682 1299 5895 886 1592 2306 363 613 1008 3731 3790
internal_value=-4.72101e-11 0.0202951 0.0303476 0.0125936 0.0455441 -0.0532158 0.0499977 -0.0220096 0.0588964 -0.0429393 -0.04293 -0.0595674 -0.00814932 -0.0258812
internal_weight=2376.13 1720.57 1390.45 642.11 748.341 655.56 706.71 330.116 558.968 194.243 508.448 256.067 346.411 252.381
internal_count=31776 16594 11128 6204 4924 15182 4491 5466 3192 3874 11306 6903 4522 4403
is_linear=0
shrinkage=0.05


Tree=3
num_leaves=15
num_cat=0
split_feature=0 7 5 4 8 7 0 0 3 9 6 3 1 3
split_gain=794.972 242.431 131.485 109.446 120.902 72.0156 65.287 56.1124 57.3371 55.8283 55.1214 49.5971 48.9923 74.2504
threshold=1.0000000180025095e-35 -1.0000000180025095e-35 -1.0000000180025095e-35 -0.03499999921768903 -1.0000000180025095e-35 -1.0000000180025095e-35 1.0000000180025095e-35 0.25000000745058065 1.0000000180025095e-35 -1.0000000180025095e-35 -1.0000000180025095e-35 1.0000000180025095e-35 1.0000000180025095e-35 1.0000000180025095e-35
decision_type=8 8 8 8 10 8 10 10 8 8 8 10 10 8
left_child=5 7 -3 -4 10 -1 -6 8 -2 -8 -5 -12 13 -7
right_child=1 2 3 4 6 12 9 -9 -10 -11 11 -13 -14 -15
leaf_value=-0.083634652840586271 -0.067647552279822651 -0.018936715068433588 -0.039636868614256505 -0.081222916571393688 0.012148445298836102 -0.075239444569842412 -0.017117894388114775 0.0060281775588983556 -0.014063100472533169 0.060458745054673226 0.0069491290631505656 0.037274729023270878 -0.0097420063878521333 -0.028574719622334738
leaf_weight=129.30692430888303 89.285621409770101 143.01962035195902 50.868652364704758 12.74442775826901 97.320148426108062 157.08671047538519 23.910131551325321 112.65764169301838 113.19225781224668 499.17483290936798 307.78957092482597 239.73221752652898 98.008000251371413 189.45045018417295
leaf_count=3876 2582 1896 1034 274 996 5895 255 1291 1593 2529 3090 1054 1455 3956
internal_value=-3.29884e-11 0.0172705 0.0263365 0.0316053 0.0347056 -0.0507942 0.0498998 -0.0222321 -0.0379083 0.0568868 0.0178216 0.0202709 -0.0410754 -0.0498837
internal_weight=2263.55 1689.7 1374.56 1231.54 1180.67 573.852 620.405 315.136 202.478 523.085 560.266 547.522 444.545 346.537
internal_count=31776 16594 11128 9232 8198 15182 3780 5466 4175 2784 4418 4144 11306 9851
is_linear=0
shrinkage=0.05


Tree=4
num_leaves=15
num_cat=0
split_feature=0 7 5 4 7 6 0 0 0 4 3 1 3 4
split_gain=641.208 209.549 112.794 90.3945 65.9605 57.0231 55.0541 52.3762 50.4904 44.1252 40.3779 39.0329 64.7244 43.7791
threshold=1.0000000180025095e-35 -1.0000000180025095e-35 -1.0000000180025095e-35 0.024999999441206459 -1.0000000180025095e-35 1.0000000180025095e-35 0.25000000745058065 0.15000000223517421 0.25000000745058065 -1.0000000180025095e-35 1.0000000180025095e-35 1.0000000180025095e-35 1.0000000180025095e-35 0.014999999664723875
decision_type=8 8 8 10 8 8 10 10 10 8 8 10 8 10
left_child=4 6 -3 5 -1 -4 10 -5 9 -7 -2 12 -6 -13
right_child=1 2 3 7 11 8 -8 -9 -10 -11 -12 13 -14 -15
leaf_value=-0.080378193127821629 -0.064122167970085867 -0.020944115976124538 -0.042463353230504514 0.027262793035479384 -0.071102124224949506 -0.049621495900795662 0.0054570539155358892 0.055570117451920337 0.040782464043292672 0.012911019858078333 -0.017686688715127689 -0.044682038211925651 -0.0262989145272308 0.023827654220824116
leaf_weight=117.48675290565006 83.442003902513534 125.94071203307249 40.801654198439792 338.1989672165364 143.20790412137285 29.94944420165848 115.35391126852483 322.25639662053436 167.39649848919362 319.6152144279331 107.51427279924974 43.532927306834608 187.24677944876021 48.02356421481818
leaf_count=3876 2582 1896 788 2339 5895 719 1291 1857 991 2538 1593 869 3956 586
internal_value=-7.75308e-11 0.0154709 0.0239738 0.0286308 -0.0472705 0.0137738 -0.0217985 0.0411379 0.0182858 0.00742719 -0.0382059 -0.0378852 -0.045871 -0.00887788
internal_weight=2189.97 1650.47 1344.16 1218.22 539.498 557.763 306.31 660.455 516.961 349.565 190.956 422.011 330.455 91.5565
internal_count=31776 16594 11128 9232 15182 5036 5466 4196 4248 3257 4175 11306 9851 1455
is_linear=0
shrinkage=0.05


Tree=5
num_leaves=15
num_cat=0
split_feature=0 7 5 8 0 7 0 3 3 1 3 4 3 4
split_gain=545.162 199.141 102.127 91.0948 73.9908 61.5752 47.873 50.6472 45.2177 44.1871 57.7936 40.5628 40.3442 39.5305
threshold=1.0000000180025095e-35 -1.0000000180025095e-35 -1.0000000180025095e-35 -1.0000000180025095e-35 0.15000000223517421 -1.0000000180025095e-35 0.35000000894069677 1.0000000180025095e-35 1.0000000180025095e-35 1.0000000180025095e-35 1.0000000180025095e-35 -0.03499999921768903 1.0000000180025095e-35 -1.0000000180025095e-35
decision_type=8 8 8 10 10 8 10 8 10 10 8 8 8 10
left_child=5 6 12 8 11 -1 7 -2 -4 10 -7 -5 -3 -11
right_child=1 2 3 4 -6 9 -8 -9 -10 13 -12 -13 -14 -15
leaf_value=-0.07737432901773833 -0.056502482090665045 -0.051673097069738654 9.8612647406895004e-05 -0.065411961335883881 0.055392494158298049 -0.068191648334921348 0.018332295979775176 -0.010771588764942903 0.028698376093056418 -0.044634583559088441 -0.025395709982071558 0.024588224072181194 0.005995750011108864 0.024680966421166812
leaf_weight=110.92606713389978 110.65471304347739 55.177632698672824 307.66527370945551 12.263308460242113 360.89826881513 137.25956274452619 58.869902488775551 133.56196609791368 249.92983871232718 33.117438426241279 188.41914236050798 238.83637507073581 65.508073263685219 50.806523844250478
leaf_count=3876 3121 1153 3522 326 2046 5895 465 1880 1188 859 3956 2150 743 596
internal_value=5.90748e-11 0.0145155 0.0230807 0.0275995 0.0409072 -0.0443753 -0.0219038 -0.0316382 0.0129463 -0.035272 -0.0435859 0.0199507 -0.0205785 -0.00287531
internal_weight=2113.89 1593.37 1290.28 1169.59 611.998 520.529 303.087 244.217 557.595 409.603 325.679 251.1 120.686 83.924
internal_count=31776 16594 11128 9232 4522 15182 5466 5001 4710 11306 9851 2476 1896 1455
is_linear=0
shrinkage=0.05


Tree=6
num_leaves=15
num_cat=0
split_feature=1 7 5 6 4 8 9 4 0 7 3 0 4 7
split_gain=479.805 202.597 127.997 106.272 114.198 69.1109 68.7231 53.1426 51.7482 45.9841 40.6042 38.7764 38.6159 37.8982
threshold=1.0000000180025095e-35 -1.0000000180025095e-35 -1.0000000180025095e-35 -1.0000000180025095e-35 0.014999999664723875 -1.0000000180025095e-35 -1.0000000180025095e-35 -0.03499999921768903 0.15000000223517421 35.500000000000007 1.0000000180025095e-35 0.15000000223517421 -1.0000000180025095e-35 -1.0000000180025095e-35
decision_type=8 8 8 8 10 8 10 8 8 8 8 8 8 8
left_child=10 8 11 -4 7 -6 -7 -5 -2 -8 -1 -3 -10 -12
right_child=1 2 3 4 5 6 9 -9 12 -11 13 -13 -14 -15
leaf_value=-0.066985001780902872 -0.051395098438159703 -0.062017445371692438 -0.060883306411158224 -0.038129480455405956 -0.032150708821648798 0.012219528353293463 0.061453942620584338 0.01615190134591862 -0.064337676767972432 0.019188285135324088 -0.075083241071543766 -0.0049014729554164123 -0.00051354068730249166 -0.024620663140583365
leaf_weight=172.35093130567111 110.73409951222129 48.967784769367427 33.761347768362612 48.559704982326366 28.89330434333533 120.16254613781348 400.80754506774247 504.3566832751967 26.343310087919235 78.000740214250982 45.97959825838916 73.788984172511846 177.9584041107446 189.32666849298403
leaf_count=7271 2823 1049 629 1122 410 1112 2234 4344 604 535 1738 1135 2747 4023
internal_value=-1.44105e-10 0.0119911 0.0204879 0.0254079 0.0279246 0.042502 0.0461507 0.0113244 -0.0240279 0.054623 -0.0485132 -0.0280021 -0.00901652 -0.0347572
internal_weight=2059.99 1652.33 1337.3 1214.54 1180.78 627.864 598.971 552.916 315.036 478.808 407.657 122.757 204.302 235.306
internal_count=31776 18744 12570 10386 9757 4291 3881 5466 6174 2769 13032 2184 3351 5761
is_linear=0
shrinkage=0.05


Tree=7
num_leaves=15
num_cat=0
split_feature=0 4 7 6 3 0 7 6 5 4 1 3 8 0
split_gain=435.909 155.32 156.304 80.2863 58.9655 57.4156 51.9029 40.4856 36.7309 37.5389 39.3174 68.1873 36.1408 30.4575
threshold=1.0000000180025095e-35 -1.0000000180025095e-35 -1.0000000180025095e-35 1.0000000180025095e-35 1.0000000180025095e-35 0.15000000223517421 -1.0000000180025095e-35 -1.0000000180025095e-35 -1.0000000180025095e-35 -1.0000000180025095e-35 1.0000000180025095e-35 1.0000000180025095e-35 -1.0000000180025095e-35 0.25000000745058065
decision_type=8 8 10 8 10 10 8 8 8 8 10 8 8 10
left_child=6 -2 3 -3 -5 -4 -1 -7 -8 -10 11 -11 -9 -6
right_child=1 2 5 4 13 7 8 12 9 10 -12 -13 -14 -15
leaf_value=-0.072772482432185495 -0.047492327322433553 -0.048586567642709244 0.018324151094389292 -0.0051200687984337273 0.012652368009439991 -0.02997874706498288 -0.078947210541685547 -0.016148872533527443 -0.082299664598844816 -0.060766405563419001 0.014264364904890962 -0.0093470499815286479 0.056744858764540711 0.044554248786850777
leaf_weight=101.10268667736091 97.69349301350303 67.984856141149066 256.73405881179497 405.25316574785393 232.07678479980677 14.763327376451342 37.650203232187778 17.532254683785141 27.679446354042739 109.02385369106196 59.199213746003807 156.8115886450978 323.31872292608023 110.31772206630558
leaf_count=3876 2322 1576 2585 5744 1749 188 1234 234 694 5241 999 3138 1702 494
internal_value=-1.10714e-10 0.0131947 0.0173769 0.00303303 0.00778551 0.0364464 -0.0409043 0.0494416 -0.0324857 -0.0273171 -0.0223968 -0.0305837 0.0529592 0.0230308
internal_weight=2017.14 1525.67 1427.98 815.633 747.648 612.348 491.467 355.614 390.364 352.714 325.035 265.835 340.851 342.395
internal_count=31776 16594 14272 9563 7987 4709 15182 2124 11306 10072 9378 8379 1936 2243
is_linear=0
shrinkage=0.05


Tree=8
num_leaves=15
num_cat=0
split_feature=0 7 4 7 0 4 0 3 5 1 3 5 8 9
split_gain=377.125 145.635 81.8857 50.8738 44.183 43.5423 41.9664 42.6342 31.7652 32.2981 52.3359 30.0931 28.7106 24.2191
threshold=1.0000000180025095e-35 -1.0000000180025095e-35 0.10500000044703485 -1.0000000180025095e-35 0.15000000223517421 -1.0000000180025095e-35 0.35000000894069677 1.0000000180025095e-35 -1.0000000180025095e-35 1.0000000180025095e-35 1.0000000180025095e-35 -1.0000000180025095e-35 -1.0000000180025095e-35 -1.0000000180025095e-35
decision_type=8 8 10 8 10 8 10 8 8 10 8 8 8 8
left_child=3 6 5 -1 -4 -3 7 -2 -5 10 -10 -7 -6 -14
right_child=1 2 4 8 12 11 -8 -9 9 -11 -12 -13 13 -15
leaf_value=-0.070914290605227109 -0.052653702027308548 -0.033107698695370134 0.016865911661090825 -0.075619768213890992 -0.01795501340309873 -0.02664089939450337 0.018989504794849656 -0.0092273008480211523 -0.059518707473109916 0.0059060364991716571 -0.015387668630691199 0.01495214725165378 -0.0086857111609285782 0.050756344590462889
leaf_weight=96.660764804808423 104.80727978388313 60.196968835778534 252.93215869029518 34.305937784723938 17.097167768515646 46.698403663700446 55.01822548918426 122.44909323286265 110.85486885102 65.791831820737571 170.73146883177105 501.34904116787948 17.827196705155075 316.96371786668897
leaf_count=3876 3121 1403 2568 1234 254 904 465 1880 5479 1143 3450 4139 165 1695
internal_value=8.75996e-11 0.0123641 0.0198897 -0.0385962 0.0329025 0.00691738 -0.0199329 -0.0293979 -0.0302478 -0.0255628 -0.0329103 0.011366 0.0443489 0.0475747
internal_weight=1973.68 1495.34 1213.06 478.345 604.82 608.244 282.275 227.256 381.684 347.378 281.586 548.047 351.888 334.791
internal_count=31776 16594 11128 15182 4682 6446 5466 5001 11306 10072 8929 5043 2114 1860
is_linear=0
shrinkage=0.05


Tree=9
num_leaves=15
num_cat=0
split_feature=0 7 4 7 6 0 6 4 6 0 5 3 5 1
split_gain=323.374 131.985 75.5397 49.6145 43.5774 38.9475 38.4782 37.772 35.5106 33.8012 33.1265 28.0712 28.0415 29.4141
threshold=1.0000000180025095e-35 -1.0000000180025095e-35 0.10500000044703485 -1.0000000180025095e-35 -1.0000000180025095e-35 0.15000000223517421 1.0000000180025095e-35 0.014999999664723875 1.0000000180025095e-35 0.15000000223517421 -1.0000000180025095e-35 1.0000000180025095e-35 -1.0000000180025095e-35 1.0000000180025095e-35
decision_type=8 8 10 8 8 10 8 8 8 10 8 10 8 10
left_child=3 7 6 -1 -4 -6 -3 -2 -9 -10 -8 -12 -5 -14
right_child=1 2 4 12 5 -7 10 8 9 -11 11 -13 13 -15
leaf_value=-0.06922053023477219 -0.066077845880563937 -0.041305702164541457 -0.038051914067343096 -0.073110686404574785 0.018762319869298147 0.045184857218488306 -0.028834401708938275 -0.061424108492109525 -0.031408664334467366 0.010312938076603446 0.0025764248481807816 0.026089113093504292 -0.030946205708961762 0.006195488365589058
leaf_weight=91.428263176465407 36.806215924676508 38.912685044051614 21.046456691343337 30.904491323512048 246.26673596177716 327.68168992828578 50.296778400661424 30.819506825064309 74.775401783059351 134.19065722916275 277.83098822855391 233.11028076638468 276.70419874816434 65.59798038052395
leaf_count=3876 954 975 310 1234 2431 1941 1059 792 1853 1867 3256 1156 8929 1143
internal_value=-4.95406e-11 0.0114832 0.0186852 -0.0363198 0.0312953 0.0339 0.00615217 -0.0195915 -0.0122112 -0.004695 0.00951022 0.0133338 -0.0280964 -0.0238311
internal_weight=1936.37 1471.74 1195.15 464.635 594.995 573.948 600.151 276.592 239.786 208.966 561.238 510.941 373.207 342.302
internal_count=31776 16594 11128 15182 4682 4372 6446 5466 4512 3720 5471 4412 11306 10072
is_linear=0
shrinkage=0.05


Tree=10
num_leaves=15
num_cat=0
split_feature=1 7 5 4 9 6 8 7 3 0 4 7 3 1
split_gain=284.426 137.879 84.2897 75.4976 51.0838 51.8128 47.1248 45.1156 41.8535 38.4993 38.2286 33.97 30.0144 28.9244
threshold=1.0000000180025095e-35 -1.0000000180025095e-35 -1.0000000180025095e-35 0.024999999441206459 -1.0000000180025095e-35 -1.0000000180025095e-35 -1.0000000180025095e-35 38.500000000000007 1.0000000180025095e-35 0.25000000745058065 -1.0000000180025095e-35 -1.0000000180025095e-35 1.0000000180025095e-35 1.0000000180025095e-35
decision_type=8 8 8 10 8 8 8 8 8 10 8 8 8 10
left_child=8 9 -3 10 -5 -6 -7 13 -1 12 -4 -10 -2 -8
right_child=1 2 3 4 5 6 7 -9 11 -11 -12 -13 -14 -15
leaf_value=-0.059982137721734809 -0.05735059547854017 -0.024783761987969125 -0.032517150661816048 -0.027271935197809957 -0.0406987049638559 -0.028019152376141856 0.016422916647345954 0.013808761296886594 -0.068103539660365198 0.0026541548189290068 0.011729203223909334 -0.016503387935812554 -0.016579281768619319 0.055840744323875091
leaf_weight=146.6301098591648 83.85399053938454 110.9074920466519 53.143503535597119 32.31025598756969 20.031436993507668 23.86600867821835 54.856655485462397 106.43356355186552 37.79726263624616 103.12638545595109 498.15306407981552 186.25147192092845 98.953583261696622 349.54285719618201
leaf_count=7271 3074 2184 1245 418 313 371 506 870 1738 1291 4541 4023 1809 2122
internal_value=1.56278e-10 0.00949609 0.0166647 0.0207212 0.0331853 0.0367494 0.0397214 0.0429348 -0.0392481 -0.0217723 0.00741282 -0.0254723 -0.0354914 0.0505474
internal_weight=1905.86 1535.18 1249.24 1138.34 587.041 554.731 534.699 510.833 370.679 285.934 551.297 224.049 182.808 404.4
internal_count=31776 18744 12570 10386 4600 4182 3869 3498 13032 6174 5786 5761 4883 2628
is_linear=0
shrinkage=0.05


Tree=11
num_leaves=15
num_cat=0
split_feature=0 7 4 7 8 0 5 3 3 6 9 4 5 3
split_gain=254.963 106.478 61.0475 45.5285 37.3254 33.8778 37.8014 33.5577 32.6344 31.7173 32.3903 27.0497 26.5663 24.4321
threshold=1.0000000180025095e-35 -1.0000000180025095e-35 0.024999999441206459 -1.0000000180025095e-35 -1.0000000180025095e-35 1.0000000180025095e-35 -1.0000000180025095e-35 1.0000000180025095e-35 1.0000000180025095e-35 -1.0000000180025095e-35 -1.0000000180025095e-35 -1.0000000180025095e-35 -1.0000000180025095e-35 1.0000000180025095e-35
decision_type=8 8 10 8 8 10 10 8 8 8 8 8 8 10
left_child=3 8 7 -1 -4 -6 -7 -3 -2 -8 -11 -5 -13 -14
right_child=1 2 4 11 5 6 9 -9 -10 10 -12 12 13 -15
leaf_value=-0.066496385645274145 -0.035527917375276941 -0.0076926856823382453 -0.026949973673569022 -0.074952105255493465 0.0066361863353581714 0.0098996516104279432 -0.027693226900389764 0.016597015413561112 -0.00074528959303711128 -0.013350691860396328 0.051896630980249603 -0.069635935535507787 -0.030209868041708152 -0.002196773665437237
leaf_weight=82.071371305035427 132.91625921119703 268.04166430071928 28.548601500457153 24.644987551728263 114.75385177868884 99.813506800215691 13.822172875050454 300.80282469338272 135.92933208390605 19.854397139512002 314.19559468887746 25.483503890456632 168.08666648436338 144.53979749139398
leaf_count=3876 3438 3979 472 786 1127 948 186 2225 2028 213 1978 1142 6572 2806
internal_value=-4.78982e-11 0.0102947 0.0168654 -0.0330131 0.0281062 0.0309437 0.0371456 0.0051582 -0.0180096 0.0449124 0.0479904 -0.0252757 -0.0214444 -0.0173066
internal_weight=1873.5 1428.68 1159.83 444.826 590.988 562.44 447.686 568.844 268.846 347.872 334.05 362.755 338.11 312.626
internal_count=31776 16594 11128 15182 4924 4452 3325 6204 5466 2377 2191 11306 10520 9378
is_linear=0
shrinkage=0.05


Tree=12
num_leaves=15
num_cat=0
split_feature=1 4 7 6 6 9 8 0 3 5 7 5 6 0
split_gain=224.012 117.21 110.612 59.4448 48.1059 50.7071 44.8743 39.3477 39.3438 38.7063 30.4455 27.788 24.4546 21.4308
threshold=1.0000000180025095e-35 -1.0000000180025095e-35 -1.0000000180025095e-35 1.0000000180025095e-35 -1.0000000180025095e-35 -1.0000000180025095e-35 -1.0000000180025095e-35 0.25000000745058065 1.0000000180025095e-35 -1.0000000180025095e-35 -1.0000000180025095e-35 -1.0000000180025095e-35 1.0000000180025095e-35 inf
decision_type=8 8 10 8 8 8 8 10 8 10 8 8 8 8
left_child=8 -2 3 -3 -4 -6 -7 11 -1 -8 -10 -5 -12 -11
right_child=1 2 4 7 5 6 9 -9 10 13 12 -13 -14 -15
leaf_value=-0.056896996409260873 -0.044153556785968773 -0.045852447436010253 -0.041375148657879286 -0.041056949599422743 -0.024795972521581274 -0.026479433295892391 0.01444058251607052 0.021214068090942118 -0.065613981130817275 0.052060317491722644 -0.070442163000422497 9.7545449093521149e-05 -0.0084770710923693978 0.018147415418887237
leaf_weight=134.77520557690877 97.815169993729796 63.315032611018978 22.620179585181177 43.917256714543328 36.416552384383976 26.859622585354373 121.66586267447565 233.59620241448283 33.565872671082616 318.74258995475248 16.629475891357288 472.30565703165485 169.31374793755822 56.178045867243782
leaf_count=7271 2609 1792 389 1199 473 431 1285 1809 1738 2274 368 6120 3655 363
internal_value=-5.93422e-11 0.00848404 0.0122022 0.000282191 0.0288134 0.0317179 0.0356895 0.0042337 -0.0356864 0.0390985 -0.0224645 -0.00347625 -0.014366 0.0470406
internal_weight=1847.72 1493.43 1395.62 813.134 582.483 559.863 523.446 749.819 354.284 496.586 219.509 516.223 185.943 374.921
internal_count=31776 18744 16135 10920 5215 4826 4353 9128 13032 3922 5761 7319 4023 2637
is_linear=0
shrinkage=0.05


Tree=13
num_leaves=15
num_cat=0
split_feature=0 4 7 6 7 3 6 0 5 8 4 5 8 3
split_gain=213.435 90.027 79.785 46.967 39.6487 39.0215 38.1866 36.0718 23.1152 22.6952 21.7549 22.2701 21.6802 32.988
threshold=1.0000000180025095e-35 0.014999999664723875 -1.0000000180025095e-35 1.0000000180025095e-35 -1.0000000180025095e-35 1.0000000180025095e-35 -1.0000000180025095e-35 0.15000000223517421 -1.0000000180025095e-35 -1.0000000180025095e-35 -1.0000000180025095e-35 -1.0000000180025095e-35 -1.0000000180025095e-35 1.0000000180025095e-35
decision_type=8 8 10 8 8 10 8 10 8 8 8 8 10 10
left_child=4 -2 3 -3 -1 8 -4 -8 -5 -9 -6 -12 -13 -14
right_child=1 2 6 5 10 -7 7 9 -10 -11 11 12 13 -15
leaf_value=-0.064292161769069045 -0.038147900312048101 -0.041893242975994047 -0.038135520601983289 -0.047194639472861177 -0.071523289309913016 0.018575315391229179 0.015550422740399037 -0.015454523953979497 -0.0013399795638349018 0.045620350035984192 -0.067274489538509355 -0.034025307439898372 -0.023825470217133243 0.018733930586788971
leaf_weight=74.250802036141977 92.110358593636192 54.499420616601128 20.458416505949572 28.76071590045467 21.699240814661607 326.32820546079893 233.23554935946595 15.661217620596288 360.07525758293923 267.07371489610523 22.80587961548008 112.88186104304623 109.26815246650949 76.616197580529843
leaf_count=3876 2412 1568 319 850 786 2233 2429 232 4864 1687 1142 4563 3606 1209
internal_value=1.45013e-11 0.0093704 0.0127482 0.00242232 -0.0313271 0.00585319 0.0275316 0.030204 -0.00484404 0.0421948 -0.0240306 -0.0206141 -0.0168398 -0.00627733
internal_weight=1815.72 1398.2 1306.09 769.664 417.522 715.164 536.429 515.97 388.836 282.735 343.271 321.572 298.766 185.884
internal_count=31776 16594 14182 9515 15182 7947 4667 4348 5714 1919 11306 10520 9378 4815
is_linear=0
shrinkage=0.05


Tree=14
num_leaves=15
num_cat=0
split_feature=1 4 7 8 6 6 9 5 0 3 8 7 5 3
split_gain=197.242 96.3173 93.0369 43.1463 41.9704 41.3916 40.1614 38.4058 33.583 32.6834 30.6807 24.9238 23.1718 22.0198
threshold=1.0000000180025095e-35 -1.0000000180025095e-35 -1.0000000180025095e-35 -1.0000000180025095e-35 -1.0000000180025095e-35 -1.0000000180025095e-35 -1.0000000180025095e-35 -1.0000000180025095e-35 0.25000000745058065 1.0000000180025095e-35 -1.0000000180025095e-35 -1.0000000180025095e-35 -1.0000000180025095e-35 1.0000000180025095e-35
decision_type=8 8 10 8 8 8 8 10 10 8 10 8 8 8
left_child=9 -2 3 -3 -4 -5 -6 13 12 -1 -9 -11 -7 -8
right_child=1 2 4 5 6 8 7 10 -10 11 -12 -13 -14 -15
leaf_value=-0.054618456858624924 -0.04180550939177384 -0.053035559930449505 -0.040423456690662586 -0.07139071306177916 -0.022083500748157153 -0.037250689253449924 -0.011321783449340409 0.010765763485001332 0.020546007518897843 -0.063473302199233639 0.047698558122149882 -0.01479148904484384 0.00076684028220880274 0.029609723615472001
leaf_weight=126.73242741357535 90.253325215482619 35.253032092005014 21.52054652327206 17.35752436023904 34.697357922326773 42.767166756093502 64.183918654336594 69.434127318440005 228.17118484620005 30.182017139857635 310.97015889198519 175.44368507969193 475.38096127071185 65.470007004216313
leaf_count=7271 2609 775 389 606 473 1259 814 605 1909 1738 2332 4023 6371 602
internal_value=1.54424e-10 0.00794093 0.0112578 0.000262832 0.0267423 0.00278934 0.0294649 0.0330079 0.00460781 -0.0346943 0.0410032 -0.0222097 -0.00243678 0.00941541
internal_weight=1787.82 1455.46 1365.21 798.93 566.276 763.677 544.756 510.058 746.319 332.358 380.404 205.626 518.148 129.654
internal_count=31776 18744 16135 10920 5215 10145 4826 4353 9539 13032 2937 5761 7630 1416
is_linear=0
shrinkage=0.05


Tree=15
num_leaves=15
num_cat=0
split_feature=1 7 5 8 9 3 4 3 6 1 8 3 7 0
split_gain=177.143 86.5118 57.6586 48.6971 35.5779 33.7518 32.0863 31.7988 29.3524 32.3219 24.7062 24.5278 23.7852 19.9676
threshold=1.0000000180025095e-35 -1.0000000180025095e-35 -1.0000000180025095e-35 -1.0000000180025095e-35 -1.0000000180025095e-35 1.0000000180025095e-35 -1.0000000180025095e-35 1.0000000180025095e-35 -1.0000000180025095e-35 1.0000000180025095e-35 -1.0000000180025095e-35 1.0000000180025095e-35 -1.0000000180025095e-35 0.35000000894069677
decision_type=8 8 8 10 8 8 8 8 8 10 8 8 8 10
left_child=7 5 11 10 -5 13 -6 -1 -8 -10 -4 -3 -9 -2
right_child=1 2 3 4 6 -7 8 12 9 -11 -12 -13 -14 -15
leaf_value=-0.053461913744610207 -0.046276230333035628 -0.045947214357274668 -0.033401862565711204 -0.02295077414401972 -0.014625574502445539 -0.00019619880107989986 -0.029279963863490317 -0.062506871890728927 0.011135835767917452 0.044358557428342979 0.0093193170606552227 0.0014610055117582578 -0.013958002246200325 -0.0013167097035754775
leaf_weight=121.12126779020764 102.05475199024659 50.998476749518886 35.344979814486578 31.555774541571736 34.847237598442007 135.33398437371943 16.509026714600623 28.675908210105263 93.943925575586036 344.2451395438984 495.25588708836585 57.274387615092564 176.0132590822177 32.557402602862567
leaf_count=7271 3613 1357 696 461 852 2244 256 1738 1050 2500 4571 827 4023 317
internal_value=1.36733e-10 0.0075857 0.0135183 0.0170974 0.0279404 -0.017863 0.0312609 -0.0332136 0.034802 0.0372775 0.00641605 -0.0210853 -0.0210303 -0.0354922
internal_weight=1755.73 1429.92 1159.97 1051.7 521.101 269.946 489.545 325.81 454.698 438.189 530.601 108.273 204.689 134.612
internal_count=31776 18744 12570 10386 5119 6174 4658 13032 3806 3550 5267 2184 5761 3930
is_linear=0
shrinkage=0.05


Tree=16
num_leaves=15
num_cat=0
split_feature=0 4 7 6 7 3 0 6 5 5 4 8 5 9
split_gain=159.553 73.0787 66.0774 37.2123 36.2914 31.7661 28.9963 24.1744 20.1552 20.0746 20.3293 20.0079 17.9551 17.2397
threshold=1.0000000180025095e-35 -1.0000000180025095e-35 -1.0000000180025095e-35 1.0000000180025095e-35 -1.0000000180025095e-35 1.0000000180025095e-35 0.15000000223517421 1.0000000180025095e-35 -1.0000000180025095e-35 -1.0000000180025095e-35 -1.0000000180025095e-35 -1.0000000180025095e-35 -1.0000000180025095e-35 -1.0000000180025095e-35
decision_type=8 8 10 8 8 10 10 8 8 8 8 8 8 10
left_child=4 -2 3 -3 -1 12 8 -8 -4 -6 -11 -9 -5 -12
right_child=1 2 6 5 9 -7 7 11 -10 10 13 -13 -14 -15
leaf_value=-0.061824142091029502 -0.037211884833859461 -0.039005174430951577 -0.036757606803790262 -0.045032739104467576 -0.065118906411522959 0.016390955994934352 0.001722354496939537 -0.01440869654461362 0.016440719036242345 -0.068817140361947055 -0.029799124305109493 0.046236463310234836 -0.0019964001143775462 -0.0046317093652274806
leaf_weight=65.092957533779554 82.027027538861148 50.957322757109068 18.497795658069663 25.025046618771739 23.105639096931554 321.36306124506518 43.140979988500476 14.059592608362435 210.96445708000101 17.239575112937018 109.15149265655782 217.75909298798069 354.33294288866455 179.19890077607124
leaf_count=3876 2322 1576 353 856 1234 2243 382 216 2232 694 4620 1526 4888 4758
internal_value=3.01217e-10 0.0082353 0.0112304 0.00182796 -0.0279342 0.00484875 0.0252103 0.0361418 0.0120113 -0.0210557 -0.0175226 0.0425123 -0.0049463 -0.0142286
internal_weight=1731.92 1338.13 1256.1 751.678 393.789 700.721 504.422 274.96 229.462 328.696 305.59 231.819 379.358 288.35
internal_count=31776 16594 14272 9563 15182 7987 4709 2124 2585 11306 10072 1742 5744 9378
is_linear=0
shrinkage=0.05


Tree=17
num_leaves=15
num_cat=0
split_feature=1 7 5 8 9 3 3 0 4 0 7 8 6 1
split_gain=149.27 75.0164 47.3487 42.1357 34.3853 30.7147 29.9503 27.2542 23.9384 21.8135 21.4384 19.0235 18.7076 18.4296
threshold=1.0000000180025095e-35 -1.0000000180025095e-35 -1.0000000180025095e-35 -1.0000000180025095e-35 -1.0000000180025095e-35 1.0000000180025095e-35 1.0000000180025095e-35 0.15000000223517421 -0.03499999921768903 0.35000000894069677 -1.0000000180025095e-35 -1.0000000180025095e-35 1.5000000000000002 1.0000000180025095e-35
decision_type=8 8 8 10 8 8 8 10 8 8 8 8 8 10
left_child=6 5 9 11 -5 -2 -1 8 -6 -3 -8 -4 -13 -10
right_child=1 2 3 4 7 -7 10 -9 13 -11 -12 12 -14 -15
leaf_value=-0.051412875598285529 -0.034718286091612871 -0.029514998785363972 -0.029729591452210116 -0.024489809163265833 -0.05073676357753143 -0.0005082489487327331 -0.060963175389878305 0.041742423768577813 -0.00011421866360535786 0.028777884319942323 -0.012771078513772122 -0.0065862926584945043 0.014824963754673957 0.03085419234597794
leaf_weight=114.18789418463712 125.86982349812752 87.310470238095149 33.798506256774999 30.500513955950737 11.271571991761446 135.94756579585373 25.778923639678396 234.05744096735725 69.887533738743514 18.770587408565916 174.61417132779025 143.78329132474028 346.20239195122849 152.64019970037043
leaf_count=7271 3930 1935 696 461 425 2244 1738 1870 919 249 4023 1670 2901 1444
internal_value=2.1337e-10 0.00704326 0.0126386 0.0159404 0.0263342 -0.0170244 -0.0310458 0.0296926 0.0175032 -0.0190279 -0.0192425 0.00601987 0.00854134 0.0211712
internal_weight=1704.62 1390.04 1128.22 1022.14 498.357 261.817 314.581 467.857 233.799 106.081 200.393 523.784 489.986 222.528
internal_count=31776 18744 12570 10386 5119 6174 13032 4658 2788 2184 5761 5267 4571 2363
is_linear=0
shrinkage=0.05


Tree=18
num_leaves=15
num_cat=0
split_feature=0 4 7 6 7 3 0 6 5 4 0 3 1 8
split_gain=140.001 64.0369 57.7307 35.8305 33.2205 30.8991 27.127 18.5546 18.496 18.041 17.2127 16.916 31.0306 23.0279
threshold=1.0000000180025095e-35 -1.0000000180025095e-35 -1.0000000180025095e-35 1.0000000180025095e-35 -1.0000000180025095e-35 1.0000000180025095e-35 0.15000000223517421 -1.0000000180025095e-35 -1.0000000180025095e-35 -1.0000000180025095e-35 0.25000000745058065 1.0000000180025095e-35 1.0000000180025095e-35 -1.0000000180025095e-35
decision_type=8 8 10 8 8 10 10 8 8 8 10 10 10 10
left_child=4 -2 3 -3 -1 -5 -4 -8 -6 -10 -7 12 -11 -13
right_child=1 2 6 5 8 10 7 -9 9 11 -12 13 -14 -15
leaf_value=-0.060356934945259871 -0.035696926683629712 -0.038515748955985189 0.011520108513898869 -0.0050026508251661559 -0.063445458886024278 0.0086903414711030115 -0.018759295315924678 0.0386727683342507 -0.066955055232236757 -0.038598998429984509 0.034294302736252065 -0.02367145849384801 0.013180781245473333 0.016645355916760265
leaf_weight=59.587639216682874 77.844175955688115 50.011359299416654 225.27447698125616 361.34349880449008 21.844328362727538 218.4604629308451 14.358370576985179 240.81982711516321 15.89394793845713 111.26104611888877 93.492520221509039 62.60453785257414 38.413133938796818 78.926451344916131
leaf_count=3876 2322 1576 2585 5744 1234 1749 188 1936 694 5835 494 1597 737 1209
internal_value=8.53277e-11 0.00797304 0.0108244 0.00189191 -0.0262528 0.00494599 0.02424 0.0353806 -0.0199106 -0.0166181 0.0164489 -0.0136509 -0.0253107 -0.00122926
internal_weight=1670.14 1281.6 1203.76 723.308 388.531 673.296 480.453 255.178 328.943 307.099 311.953 291.205 149.674 141.531
internal_count=31776 16594 14272 9563 15182 7987 4709 2124 11306 10072 2243 9378 6572 2806
is_linear=0
shrinkage=0.05


Tree=19
num_leaves=15
num_cat=0
split_feature=0 7 5 0 6 7 4 9 4 3 0 3 8 4
split_gain=130.14 60.2962 39.9335 33.7866 43.7645 30.8738 26.8982 23.3664 22.5626 19.652 19.6012 18.9895 17.7575 16.6045
threshold=1.0000000180025095e-35 -1.0000000180025095e-35 -1.0000000180025095e-35 0.25000000745058065 -1.0000000180025095e-35 -1.0000000180025095e-35 1.0000000180025095e-35 -1.0000000180025095e-35 0.014999999664723875 1.0000000180025095e-35 1.0000000180025095e-35 1.0000000180025095e-35 -1.0000000180025095e-35 0.41499999165534979
decision_type=8 8 8 10 8 8 10 8 8 8 10 10 8 10
left_child=5 8 9 4 -4 -1 -6 -8 -2 -3 -9 -10 -12 -7
right_child=1 2 3 -5 6 13 7 10 11 -11 12 -13 -14 -15
leaf_value=-0.059596716029638591 -0.057007349629607143 -0.041743522592193397 -0.070771020801123505 0.03225982305498077 0.0020710297422983251 -0.029939605604102238 -0.031501509670867282 0.0069473699189343437 -0.022560956394475876 0.0027975571682993606 -0.023911210970101567 0.0071835982607377398 0.036838395107882574 -0.0071268122244474335
leaf_weight=56.243124513188377 26.935497262980789 43.611958608671557 15.187576959840952 242.08281929575605 322.04727130188257 175.41966612730175 18.358806695323437 101.5494553061435 117.97052095324034 55.400539113674313 12.086917041800914 97.056708670919761 212.64611490815878 147.05773686282919
leaf_count=3876 954 1153 426 2002 3612 7008 304 972 3164 743 190 1348 1726 4298
internal_value=6.77545e-11 0.00770073 0.013009 0.0162443 0.0105195 -0.0256731 0.0124745 0.0221619 -0.0147027 -0.0170426 0.0252684 -0.00916407 0.0334796 -0.0195906
internal_weight=1643.65 1264.93 1022.97 923.959 681.876 378.721 666.689 344.641 241.963 99.0125 326.282 215.027 224.733 322.477
internal_count=31776 16594 11128 9232 7230 15182 6804 3192 5466 1896 2888 4512 1916 11306
is_linear=0
shrinkage=0.05


Tree=20
num_leaves=15
num_cat=0
split_feature=1 7 5 4 3 0 9 6 8 3 7 4 4 3
split_gain=118.753 62.145 43.9007 33.9818 28.5334 25.6966 23.5928 23.6301 19.3109 19.2827 18.8408 17.2768 17.1097 16.3979
threshold=1.0000000180025095e-35 -1.0000000180025095e-35 -1.0000000180025095e-35 0.024999999441206459 1.0000000180025095e-35 0.15000000223517421 -1.0000000180025095e-35 -1.0000000180025095e-35 -1.0000000180025095e-35 1.0000000180025095e-35 -1.0000000180025095e-35 0.014999999664723875 -1.0000000180025095e-35 1.0000000180025095e-35
decision_type=8 8 8 10 8 8 10 8 10 10 8 8 8 8
left_child=4 5 13 9 -1 -2 -5 -8 -9 12 -6 -7 -4 -3
right_child=1 2 3 6 10 11 7 8 -10 -11 -12 -13 -14 -15
leaf_value=-0.04916621986273146 -0.038764513578360464 -0.040985466593232205 -0.038787022797511943 0.0039271797945945597 -0.059109501662973601 -0.049481827530498727 -0.031932147375578784 0.011033456276073586 0.03941178320425591 0.01686883551576444 -0.011013910822509652 0.00083796558901864352 0.0013267234399090674 -0.00095502219164463769
leaf_weight=105.80041460212669 81.243452933384106 46.222859225905268 28.821516834810609 107.11165919294581 22.248767698416486 18.184558915439993 13.749969508964567 77.918960092589259 273.77546591358259 218.20031795348041 171.25025791267399 153.59762744547334 244.23128338786773 55.933735146769322
leaf_count=7271 2823 1357 929 1236 1738 631 272 757 2335 1525 4023 2720 3332 827
internal_value=2.77089e-10 0.00645636 0.0117438 0.0150496 -0.0283795 -0.0157774 0.0246089 0.0306435 0.0331736 0.00582286 -0.0168195 -0.00474435 -0.00303348 -0.0192894
internal_weight=1618.29 1318.99 1065.97 963.809 299.299 253.026 472.556 365.444 351.694 491.253 193.499 171.782 273.053 102.157
internal_count=31776 18744 12570 10386 13032 6174 4600 3364 3092 5786 5761 3351 4261 2184
is_linear=0
shrinkage=0.05


Tree=21
num_leaves=15
num_cat=0
split_feature=0 6 8 7 7 0 3 4 5 5 4 8 9 3
split_gain=110.962 51.4505 46.5852 46.9789 28.2324 27.0497 25.6344 17.3196 16.5889 16.472 15.7036 14.1012 15.8865 20.6005
threshold=1.0000000180025095e-35 1.0000000180025095e-35 -1.0000000180025095e-35 -1.0000000180025095e-35 -1.0000000180025095e-35 0.15000000223517421 1.0000000180025095e-35 0.034999999217689044 -1.0000000180025095e-35 -1.0000000180025095e-35 -1.0000000180025095e-35 -1.0000000180025095e-35 -1.0000000180025095e-35 1.0000000180025095e-35
decision_type=8 8 8 10 8 10 10 8 8 8 8 8 10 10
left_child=4 -2 -3 6 -1 7 9 -5 -6 -4 -10 -12 -13 -14
right_child=1 2 3 5 8 -7 -8 -9 10 -11 11 12 13 -15
leaf_value=-0.058436264372706118 -0.025799611170938382 -0.035164872598446015 -0.043285584096172877 -0.042808535125758641 -0.061634997027350036 0.03791284188286087 0.014957180568383514 0.016178940702777533 -0.064621869111505179 -0.0018234397100043095 -0.067126854800044905 -0.025000288023247854 -0.016033968580815083 0.020045502539472317
leaf_weight=51.205969121714588 107.31550378870452 52.772145856055431 24.818627700209618 12.372623410890808 19.941528065828606 216.09078848472564 301.06825643160846 187.65098707698053 14.391043054405598 333.30841780020273 10.39235231047496 106.82589922193438 88.699374784191605 69.785176234523533
leaf_count=3876 2676 1143 937 415 1234 1967 2308 2015 694 5133 398 4563 3340 1077
internal_value=6.03549e-11 0.00713021 0.0102829 0.0125439 -0.0243367 0.025677 0.00422742 0.0123354 -0.018535 -0.00480934 -0.0153707 -0.0125757 -0.0101948 -0.000121093
internal_weight=1596.64 1235.4 1128.08 1075.31 361.241 416.114 659.195 200.024 310.035 358.127 290.094 275.703 265.31 158.485
internal_count=31776 16594 13918 12775 15182 4397 8378 2430 11306 6070 10072 9378 8980 4417
is_linear=0
shrinkage=0.05


Tree=22
num_leaves=15
num_cat=0
split_feature=1 6 4 7 9 3 5 0 0 7 8 7 3 1
split_gain=101.787 55.9936 53.6825 57.1866 29.419 26.5867 24.9027 24.1123 21.125 17.4224 17.3471 17.0502 16.9253 15.2532
threshold=1.0000000180025095e-35 -1.0000000180025095e-35 -1.0000000180025095e-35 -1.0000000180025095e-35 -1.0000000180025095e-35 1.0000000180025095e-35 -1.0000000180025095e-35 0.25000000745058065 1.0000000180025095e-35 -34.499999999999993 -1.0000000180025095e-35 -1.0000000180025095e-35 1.0000000180025095e-35 1.0000000180025095e-35
decision_type=8 8 8 10 8 8 8 10 10 10 8 8 8 10
left_child=5 -2 -3 7 -5 -1 -6 9 13 -4 -10 -7 -11 -8
right_child=1 2 3 4 6 11 8 -9 10 12 -12 -13 -14 -15
leaf_value=-0.047706114238603999 -0.053501273529879594 -0.033584817836890178 0.0013112950867652127 -0.022119988462700489 -0.007315513400549329 -0.058122960244219361 -0.0040045217248977499 0.015733728867946672 -0.0058897733501336444 -0.041619130612105065 0.043609628680479011 -0.01033176694487011 -0.0054753516544995759 0.0308185342786052
leaf_weight=98.949416551622562 37.355572551372461 72.668440565670608 370.85388524259906 31.210959812160581 45.231128980172798 20.097141200036276 58.056721248663962 211.89344880147837 18.874597523361444 52.191500272834674 238.05972295068204 169.15116983925691 83.750355311087333 67.081152126193047
leaf_count=7271 1174 2481 4417 473 695 1738 740 2055 275 2327 2070 4023 1464 573
internal_value=-1.28436e-10 0.00601787 0.0078381 0.0104215 0.0241977 -0.0268065 0.0276246 0.00161097 0.0317692 -0.00431317 0.0399646 -0.0156858 -0.0195544 0.014759
internal_weight=1575.43 1287.23 1249.87 1177.2 458.514 288.198 427.303 718.689 382.072 506.796 256.934 189.248 135.942 125.138
internal_count=31776 18744 17570 15089 4826 13032 4353 10263 3658 8208 2345 5761 3791 1313
is_linear=0
shrinkage=0.05


Tree=23
num_leaves=15
num_cat=0
split_feature=1 6 4 7 9 3 5 8 0 0 3 7 1 0
split_gain=91.0922 51.5374 47.465 51.1542 26.7585 26.0186 22.8696 22.0551 20.9037 20.1815 18.2 16.5701 15.0749 13.1997
threshold=1.0000000180025095e-35 -1.0000000180025095e-35 -1.0000000180025095e-35 -1.0000000180025095e-35 -1.0000000180025095e-35 1.0000000180025095e-35 -1.0000000180025095e-35 -1.0000000180025095e-35 0.15000000223517421 0.15000000223517421 1.0000000180025095e-35 -1.0000000180025095e-35 1.0000000180025095e-35 0.15000000223517421
decision_type=8 8 8 10 8 8 8 8 8 10 10 8 10 8
left_child=5 -2 -3 7 -5 -1 13 -4 -9 12 -10 -7 -8 -6
right_child=1 2 3 4 6 11 9 8 10 -11 -12 -13 -14 -15
leaf_value=-0.046907858967652885 -0.052494972881102789 -0.032096835924455634 -0.043312729083981857 -0.021137929106254782 -0.049103283228518035 -0.057790145278709085 0.00029310025032514491 -0.0083851671015606026 0.001222842925243344 0.043509852097102189 0.021740959034944593 -0.0095786677493512676 0.029152398970170856 0.0097762108418738801
leaf_weight=94.522660589558654 35.935481732478365 70.535575171757955 25.368107355898246 31.076282131485641 12.355179633945225 19.024067592516076 66.513794252416119 246.18721497571096 260.29887029872043 165.26317824609578 183.96874372975435 169.1081297348137 140.68514174222946 32.314306402695365
leaf_count=7271 1174 2481 724 473 330 1738 849 4527 3687 1440 1325 4023 1369 365
internal_value=1.97995e-11 0.00571558 0.00745107 0.00987301 0.0230989 -0.0256205 0.0264372 0.00157102 0.00328036 0.0304832 0.00974903 -0.0147336 0.0199341 -0.00722792
internal_weight=1553.16 1270.5 1234.57 1164.03 448.208 282.655 417.132 715.823 690.455 372.462 444.268 188.132 207.199 44.6695
internal_count=31776 18744 17570 15089 4826 13032 4353 10263 9539 3658 5012 5761 2218 695
is_linear=0
shrinkage=0.05


Tree=24
num_leaves=15
num_cat=0
split_feature=0 7 5 3 4 6 4 0 7 1 9 0 6 9
split_gain=88.787 42.082 34.8674 33.0484 24.4044 23.8839 22.9672 19.0667 17.7245 17.8537 16.0898 13.9219 13.4052 12.8969
threshold=0.15000000223517421 -1.0000000180025095e-35 -1.0000000180025095e-35 1.0000000180025095e-35 -1.0000000180025095e-35 -1.0000000180025095e-35 -1.0000000180025095e-35 1.0000000180025095e-35 -1.0000000180025095e-35 1.0000000180025095e-35 1.0000000180025095e-35 0.35000000894069677 1.0000000180025095e-35 -1.0000000180025095e-35
decision_type=8 8 8 10 8 8 8 10 10 8 10 10 8 8
left_child=1 -1 -3 5 -4 -2 -7 12 -8 -10 -9 -5 -6 -11
right_child=3 2 4 11 7 6 8 10 9 13 -12 -13 -14 -15
leaf_value=-0.042286988913498004 -0.061865097736727652 -0.050685338291641929 -0.05457024263015451 0.018817225148924061 -0.045730340053225335 -0.037897471238562269 -0.0010977973460868783 -0.00064102284652977259 -0.042831002976272459 -0.024948014432913848 0.028026222223468424 0.048233131411848096 -0.0073987591913425108 0.024619004426883889
leaf_weight=107.03806887747487 12.837171244318595 43.379485569894314 22.216618976788595 275.82250521320384 24.229170387610793 28.874424536945298 277.83770484779961 148.94483963726088 10.543364213430321 13.293850488960741 71.872469274327159 46.914227097760886 245.95724151218019 191.73187318717828
leaf_count=5767 476 1943 1061 2538 928 1073 4287 1747 345 176 855 332 8450 1798
internal_value=-8.40794e-11 -0.0137212 -0.0081618 0.0106183 -0.00447596 0.00298356 0.00469265 -0.00210302 0.00725666 0.0179797 0.00877399 0.023229 -0.0109921 0.0212996
internal_weight=1521.49 663.638 556.6 857.855 513.22 535.118 522.281 491.004 493.407 215.569 220.817 322.737 270.186 205.026
internal_count=31776 20751 14984 11025 13041 8155 7679 11980 6606 2319 2602 2870 9378 1974
is_linear=0
shrinkage=0.05


Tree=25
num_leaves=15
num_cat=0
split_feature=1 6 8 7 4 5 3 9 9 3 0 7 5 0
split_gain=79.6209 47.4692 46.2611 45.8722 25.4923 24.6821 24.3454 22.8836 21.9529 20.8799 18.529 15.8809 15.82 13.0894
threshold=1.0000000180025095e-35 -1.0000000180025095e-35 -1.0000000180025095e-35 -1.0000000180025095e-35 0.014999999664723875 -1.4999999999999998 1.0000000180025095e-35 -1.0000000180025095e-35 -1.0000000180025095e-35 1.0000000180025095e-35 0.15000000223517421 -1.0000000180025095e-35 -1.0000000180025095e-35 0.25000000745058065
decision_type=8 8 8 10 8 8 8 8 8 10 10 8 8 8
left_child=6 -2 -3 4 -4 13 -1 -6 -7 12 -10 -8 -9 -5
right_child=1 2 3 5 7 8 11 9 10 -11 -12 -13 -14 -15
leaf_value=-0.045170792903518386 -0.052435676003332557 -0.036869022480745986 -0.046812366722308034 -0.032553638223634988 -0.05080941602339193 -0.017426365281670932 -0.057475648041294063 -0.040899976414945499 0.018976764481859129 0.015194379829471661 0.041740970538955757 -0.0087961211891270392 -0.000124032132104857 0.020520741663161535
leaf_weight=90.914066167533747 33.351475481060334 55.761877041077241 25.426035760785453 28.812578972429037 18.015865786233917 26.368250095285475 17.666217193647753 24.548624689690769 201.69207474423456 277.11832805303857 164.27256565637072 170.33079684176482 345.0441952503752 18.168985163560137
leaf_count=7271 1174 1482 1163 668 451 450 1738 1016 2450 2554 1616 4023 5476 244
internal_value=-7.8103e-11 0.00551971 0.00719336 0.00939941 0.00135242 0.0220093 -0.0240495 0.00326229 0.0261055 0.00484472 0.029281 -0.0136505 -0.00293546 -0.0120285
internal_weight=1497.49 1218.58 1185.23 1129.47 690.153 439.314 278.911 664.727 392.333 646.711 365.965 187.997 369.593 46.9816
internal_count=31776 18744 17570 16088 10660 5428 13032 9497 4516 9046 4066 5761 6492 912
is_linear=0
shrinkage=0.05


Tree=26
num_leaves=15
num_cat=0
split_feature=0 8 5 7 6 7 3 0 0 5 4 3 9 3
split_gain=75.2909 39.8511 37.6809 33.1627 25.6442 24.4803 20.8196 19.3716 15.595 14.6834 13.1066 11.9734 11.9165 14.5106
threshold=1.0000000180025095e-35 -1.0000000180025095e-35 -1.0000000180025095e-35 -1.0000000180025095e-35 1.0000000180025095e-35 -1.0000000180025095e-35 1.0000000180025095e-35 0.15000000223517421 0.35000000894069677 -1.0000000180025095e-35 -1.0000000180025095e-35 1.0000000180025095e-35 -1.0000000180025095e-35 1.0000000180025095e-35
decision_type=8 8 8 10 8 8 10 10 10 8 8 8 10 10
left_child=5 -2 8 4 -4 -1 -6 -5 11 -7 -11 -3 -12 -14
right_child=1 2 3 7 6 9 -8 -9 -10 10 12 -13 13 -15
leaf_value=-0.056028644752793934 -0.03554692864435495 -0.048082682358529111 -0.033877508732256416 0.011879741986260338 -0.0012157082048263946 -0.058899221042425023 0.018237709724239801 0.034865910743081333 0.026011165190110104 -0.061551340288332902 -0.023069872784644296 -0.011955653834338255 -0.015437549722106723 0.014341823139847738
leaf_weight=41.801505258481484 53.521625610999763 38.189625340426574 40.244075078517199 187.91913077898789 326.64961863291683 17.344874180154875 236.4197972555412 180.91649429910467 15.581448648590593 12.0743170134956 106.66663941182196 57.548562720359769 87.038963650760707 75.41980744045577
leaf_count=3876 1367 1412 1421 2408 5133 1234 1891 1933 166 694 4620 863 3536 1222
internal_value=2.40898e-11 0.00617783 0.00826985 0.0114283 0.00419388 -0.0205958 0.00697018 0.0232184 -0.0191687 -0.0154642 -0.0125858 -0.0267147 -0.0101692 -0.00160962
internal_weight=1477.34 1136.99 1083.47 972.149 603.313 340.346 563.069 368.836 111.32 298.545 281.2 95.7382 269.125 162.459
internal_count=31776 16594 15227 12786 8445 15182 7024 4341 2441 11306 10072 2275 9378 4758
is_linear=0
shrinkage=0.05


Tree=27
num_leaves=15
num_cat=0
split_feature=1 6 8 7 3 4 4 9 5 0 0 7 5 3
split_gain=68.4478 42.7743 38.5117 39.5792 22.4816 21.7585 21.5889 19.2586 18.1182 17.9799 14.0529 13.4361 12.9015 12.8964
threshold=1.0000000180025095e-35 -1.0000000180025095e-35 -1.0000000180025095e-35 -1.0000000180025095e-35 1.0000000180025095e-35 0.33500000834465032 -0.10500000044703482 -1.0000000180025095e-35 -1.0000000180025095e-35 0.15000000223517421 inf -1.0000000180025095e-35 1.5000000000000002 1.0000000180025095e-35
decision_type=8 8 8 10 8 8 8 8 10 8 8 8 8 10
left_child=4 -2 -3 5 -1 -4 -5 -8 -9 -7 -10 -6 -11 -14
right_child=1 2 3 6 11 9 7 8 10 12 -12 -13 13 -15
leaf_value=-0.043705454442341259 -0.051755214695591016 -0.034203829274937834 -0.023684000909439139 -0.018949944911693807 -0.055666552902243996 -0.007892614697411501 -0.016195579370223739 0.0088660853940035894 0.039512068257469869 -0.013345495988150036 0.010426540594503786 -0.0084873398372222394 0.0061398297153417523 0.025629674869307742
leaf_weight=85.455940559040755 31.115578516968526 53.735819987719879 76.394529905170202 31.043612279579975 15.635958584141916 196.96548001188785 27.234833594877273 101.76830967736896 212.03538013529032 49.096462155459449 52.675597063964233 170.28910539980279 217.51531169179361 139.12661757774185
leaf_count=7271 1174 1482 2106 886 1738 4058 453 1339 2379 796 371 4023 2745 955
internal_value=-9.60677e-11 0.00517644 0.00675009 0.00877288 -0.0226097 0.00127777 0.0207249 0.0238932 0.0269084 0.00447574 0.0337853 -0.0127316 0.0104846 0.0137933
internal_weight=1460.09 1188.71 1157.59 1103.86 271.381 679.098 424.758 393.714 366.479 602.704 264.711 185.925 405.738 356.642
internal_count=31776 18744 17570 16088 13032 10660 5428 4542 4089 8554 2750 5761 4496 3700
is_linear=0
shrinkage=0.05


Tree=28
num_leaves=15
num_cat=0
split_feature=0 6 5 8 7 7 0 3 9 4 5 8 4 3
split_gain=65.9967 36.7345 30.3706 25.6962 26.7946 22.4027 21.4512 17.2729 14.6368 15.1212 13.7905 12.1975 13.7352 11.223
threshold=1.0000000180025095e-35 1.0000000180025095e-35 -1.0000000180025095e-35 -1.0000000180025095e-35 -1.0000000180025095e-35 -1.0000000180025095e-35 1.0000000180025095e-35 1.0000000180025095e-35 -1.0000000180025095e-35 -0.10500000044703482 -1.0000000180025095e-35 -1.0000000180025095e-35 0.44499999284744268 1.0000000180025095e-35
decision_type=8 8 8 8 10 8 10 10 10 8 8 8 10 10
left_child=5 -2 -3 -4 7 -1 -6 -5 -8 -10 -7 -12 -13 -14
right_child=1 2 3 4 6 10 8 -9 9 -11 11 12 13 -15
leaf_value=-0.055220165165626195 -0.024457357978470966 -0.016821736590257381 -0.027343270509599223 -0.00098841045679406493 0.004825669762107466 -0.058026934929785071 0.0080532990469284541 0.017005433420091389 -0.0052586020012313642 0.044198500651283987 -0.064500185168423457 -0.019966211226380426 -0.011518201157235288 0.018976502514027854
leaf_weight=37.971876165131107 90.577285442006541 104.32605897681788 39.672606813372113 316.54995719861472 95.563418629288208 16.387414273107424 47.012893062084913 229.344003388891 16.840772653347813 163.11642217705958 9.665844187140463 148.11907130444888 63.472540120535996 55.740772636636393
leaf_count=3876 2676 2279 978 5133 1001 1234 556 1891 372 1708 438 6148 2611 875
internal_value=-6.32226e-11 0.00588053 0.00861619 0.0115539 0.0133602 -0.0195336 0.0247657 0.00658853 0.0331032 0.0395667 -0.0147429 -0.0119827 -0.0098505 0.00277951
internal_weight=1434.36 1103 1012.43 908.1 868.427 331.358 322.534 545.894 226.97 179.957 293.386 276.998 267.332 119.213
internal_count=31776 16594 13918 11639 10661 15182 3637 7024 2636 2080 11306 10072 9634 3486
is_linear=0
shrinkage=0.05


Tree=29
num_leaves=15
num_cat=0
split_feature=1 7 5 3 3 6 9 8 4 0 3 7 3 1
split_gain=61.4679 38.0516 25.8659 20.2223 19.6489 23.3695 20.3177 22.4025 19.1989 17.5811 15.7059 15.6099 13.3011 12.8356
threshold=1.0000000180025095e-35 -1.0000000180025095e-35 -1.0000000180025095e-35 1.0000000180025095e-35 1.0000000180025095e-35 -1.0000000180025095e-35 -1.0000000180025095e-35 -1.0000000180025095e-35 -1.0000000180025095e-35 0.35000000894069677 1.0000000180025095e-35 22.500000000000004 1.0000000180025095e-35 1.0000000180025095e-35
decision_type=8 8 8 8 10 8 10 8 8 10 8 8 8 10
left_child=3 9 12 -1 5 -4 -7 -8 -9 10 -2 -6 -3 -10
right_child=1 2 4 -5 11 6 7 8 13 -11 -12 -13 -14 -15
leaf_value=-0.042326192079639585 -0.036443992816774892 -0.037822027474094022 -0.06092927792348999 -0.012356833452763921 0.038890558209162839 -0.0020905657591672763 -0.041558448995164116 -0.027899286556746557 0.0024185389872727506 0.017331599534351459 -0.0071012827110372963 0.014207692443143117 0.00065054955265466427 0.029872352760957108
leaf_weight=81.424881005790667 79.614875399973243 38.225459528999636 11.507598281837998 181.83490766564501 98.374475976946997 253.83026351436274 14.426684617472345 18.262244017911144 54.15690061240457 37.655458555324003 106.43518443161156 186.14734379132278 52.503632265317719 201.32542822416872
leaf_count=7271 3613 1357 471 5761 1182 3616 383 615 741 465 2096 1437 827 1941
internal_value=-4.36539e-12 0.00498324 0.0094421 -0.0217513 0.0121899 0.00667979 0.00822481 0.0172867 0.0205279 -0.0134883 -0.0197854 0.0228482 -0.0157941 0.0240848
internal_weight=1415.73 1152.47 928.76 263.26 838.031 553.509 542.002 288.171 273.745 223.706 186.05 284.522 90.7291 255.482
internal_count=31776 18744 12570 13032 10386 7767 7296 3680 3297 6174 5709 2619 2184 2682
is_linear=0
shrinkage=0.05


Tree=30
num_leaves=15
num_cat=0
split_feature=0 7 3 5 4 6 0 9 8 1 3 4 6 1
split_gain=58.5494 32.3749 25.8938 25.44 19.4001 17.3093 14.732 14.6748 16.4176 16.3797 19.4558 13.702 13.3204 11.532
threshold=0.15000000223517421 -1.0000000180025095e-35 1.0000000180025095e-35 -1.0000000180025095e-35 -0.03499999921768903 1.0000000180025095e-35 0.35000000894069677 -1.0000000180025095e-35 -1.0000000180025095e-35 1.0000000180025095e-35 1.0000000180025095e-35 -1.0000000180025095e-35 -1.0000000180025095e-35 1.0000000180025095e-35
decision_type=8 8 10 8 8 8 10 10 8 10 10 8 8 8
left_child=1 -1 5 -3 -5 -2 -4 -6 -9 10 -10 -7 -11 -13
right_child=2 3 6 4 7 11 -8 8 9 12 -12 13 -14 -15
leaf_value=-0.03898832647331768 -0.030436582524414682 -0.045941764246021172 0.015791677140319236 -0.053099615433051278 -0.010814225995750231 -0.031258594028374019 0.046684811299343924 -0.045021079913689623 -0.019492295590637893 -0.056695577751274678 0.017740025525481269 -0.03530124906026836 0.0310733914079343 0.0083218317815743799
leaf_weight=90.872115260048304 37.114881988207344 37.377360027632676 251.78697756625479 18.034902448416688 222.62925293098669 24.129321743646869 45.163281917572021 13.321759144775568 68.053251518707839 3.6547306571155787 70.333351599052548 14.75054657529108 84.923817878589034 413.3355431422824
leaf_count=5767 1282 1943 2538 1012 6141 941 332 457 3174 115 1056 637 1086 5295
internal_value=1.51565e-11 -0.0116248 0.0090101 -0.00676169 -0.00362778 0.00193017 0.0206311 -0.00159009 0.00696561 0.0102011 -0.000577896 0.00464792 0.0268596 0.00673995
internal_weight=1395.48 609.201 786.281 518.328 480.951 489.33 296.95 462.916 240.287 226.965 138.387 452.215 88.5785 428.086
internal_count=31776 20751 11025 14984 13041 8155 2870 12029 5888 5431 4230 6873 1201 5932
is_linear=0
shrinkage=0.05


Tree=31
num_leaves=15
num_cat=0
split_feature=0 7 3 7 5 6 4 8 6 9 0 4 7 5
split_gain=55.1867 31.5441 24.2826 19.9592 19.2568 15.1354 15.0302 13.2544 13.246 13.1724 12.9878 15.0867 12.8209 12.0618
threshold=1.0000000180025095e-35 -1.0000000180025095e-35 1.0000000180025095e-35 -1.0000000180025095e-35 -1.0000000180025095e-35 -1.0000000180025095e-35 0.12499999627470972 -1.0000000180025095e-35 1.0000000180025095e-35 -1.0000000180025095e-35 1.0000000180025095e-35 -1.0000000180025095e-35 28.500000000000004 -1.0000000180025095e-35
decision_type=8 8 10 8 8 8 8 8 8 10 10 8 8 8
left_child=3 6 4 -1 -3 -6 -2 -7 -8 -9 -11 -12 -4 -5
right_child=1 2 12 13 5 7 8 9 -10 10 11 -13 -14 -15
leaf_value=-0.054143276599081559 -0.043672904969052899 -0.030009021145709913 0.032697242791473846 -0.056670438325084498 -0.055900574835638921 -0.037943936926323196 -0.045643917399887733 -1.871633018242297e-05 -0.0015686673302271123 -0.00035023979380273168 -0.022443354821125486 0.029655085356273682 0.012316038135978473 -0.011303006279926208
leaf_weight=33.688841434428468 30.419563927338459 39.491695305390749 129.37016854947433 14.59682896453887 8.7260593894170579 14.801146203652022 18.038147647981532 224.46160998416599 163.74138574750395 74.814440039743204 14.614520272560183 146.68738757260144 194.25299325562082 268.48218367005757
leaf_count=3876 1225 1281 1472 1234 415 406 739 3039 3502 964 457 1664 1430 10072
internal_value=-1.06342e-10 0.00547708 0.00979414 -0.0182775 0.0031264 0.00588577 -0.0117242 0.00713488 -0.00616809 0.0086626 0.0168807 0.0248256 0.0205392 -0.0138336
internal_weight=1376.19 1059.42 847.22 316.768 523.597 484.105 212.199 475.379 181.78 460.578 236.116 161.302 323.623 283.079
internal_count=31776 16594 11128 15182 8226 6945 5466 6530 4241 6124 3085 2121 2902 11306
is_linear=0
shrinkage=0.05


Tree=32
num_leaves=15
num_cat=0
split_feature=1 6 8 5 7 3 9 0 4 0 0 7 9 5
split_gain=49.6011 32.7011 31.7813 31.2346 29.6231 19.2851 19.0022 14.5981 14.566 13.2897 13.1868 11.5797 10.1674 9.99917
threshold=1.0000000180025095e-35 -1.0000000180025095e-35 -1.0000000180025095e-35 -1.0000000180025095e-35 -1.0000000180025095e-35 1.0000000180025095e-35 -1.0000000180025095e-35 0.15000000223517421 -0.044999999925494187 0.25000000745058065 0.35000000894069677 -1.0000000180025095e-35 -1.0000000180025095e-35 -19.499999999999996
decision_type=8 8 8 8 10 8 8 10 8 10 8 8 8 10
left_child=5 -2 -3 10 8 -1 -6 -8 -5 12 13 -7 -10 -4
right_child=1 2 3 4 6 11 7 -9 9 -11 -12 -13 -14 -15
leaf_value=-0.040643734465151862 -0.048934012049335569 -0.032801354830809322 0.0030480238775783077 -0.041794202105639396 -0.019660828382555222 -0.054344220222825861 0.016372489662685525 0.038191719474707536 -0.048378388819290248 0.016977970953552208 0.017824432017111671 -0.0069715599109448564 0.0015909809057162525 -0.035860528592728251
leaf_weight=76.633993367140647 26.827060210518539 49.426473093044478 21.867229109862819 15.910242187790571 24.107272738125175 13.040121044556143 181.95399113278836 135.11219766412978 9.4549807194853202 169.49372648634017 20.480870866100304 165.87744826931157 385.95488980808295 64.614716373966075
leaf_count=7271 1174 1482 459 877 445 1738 2420 1589 342 1636 301 4023 6079 1940
internal_value=4.17946e-11 0.00459385 0.00596958 0.00786201 0.0108321 -0.0198078 0.0225036 0.0257612 0.00394925 0.00530917 -0.0176023 -0.0107071 0.000277094 -0.0261
internal_weight=1360.76 1105.2 1078.38 1028.95 921.987 255.552 341.173 317.066 580.814 564.904 106.963 178.918 395.41 86.4819
internal_count=31776 18744 17570 16088 13388 13032 4454 4009 8934 8057 2700 5761 6421 2399
is_linear=0
shrinkage=0.05


Tree=33
num_leaves=15
num_cat=0
split_feature=1 6 8 9 7 3 5 0 3 7 5 4 6 4
split_gain=47.6051 30.9239 26.5694 26.3202 29.9791 19.378 16.1322 13.5294 12.2874 10.4889 9.94478 9.69584 9.45263 9.95454
threshold=1.0000000180025095e-35 1.0000000180025095e-35 -1.0000000180025095e-35 -1.0000000180025095e-35 -1.0000000180025095e-35 1.0000000180025095e-35 -1.0000000180025095e-35 0.15000000223517421 1.0000000180025095e-35 -1.0000000180025095e-35 -1.0000000180025095e-35 -0.14500000327825543 1.0000000180025095e-35 0.44499999284744268
decision_type=8 8 8 8 10 8 8 10 10 8 8 8 8 10
left_child=5 -2 -3 -4 6 -1 -5 11 -8 -7 -11 -6 -12 -14
right_child=1 2 3 4 7 9 8 -9 -10 10 12 -13 13 -15
leaf_value=-0.040700728712642242 -0.023099922517651736 -0.030199973382092737 -0.029372310738010901 -0.022263990957687288 -0.040419543305036741 -0.053459983621110763 0.00014874485271584761 0.034186545272882889 0.015497550314027079 -0.058280262419224044 -0.0492952449060391 0.015971077325825121 -0.013036236890853073 0.012745576841991039
leaf_weight=74.820218238164671 91.735359934391454 44.655806962982751 42.069143878063187 52.580032773199491 7.0351706385263242 12.141218487231525 314.5213718287996 144.62914131907746 221.75294815644156 7.942158364225179 9.7552540757460537 172.85358819225803 77.48900312744081 70.590861402946757
leaf_count=7271 3043 1329 999 1516 354 1738 5450 1758 2051 529 345 2244 2004 1145
internal_value=6.64951e-11 0.00453 0.00708494 0.00885733 0.0106484 -0.0195104 0.0039097 0.0228264 0.00651261 -0.0104215 -0.00696779 0.0135545 -0.00403511 -0.000742786
internal_weight=1344.57 1091.83 1000.1 955.441 913.372 252.739 588.854 324.518 536.274 177.918 165.777 179.889 157.835 148.08
internal_count=31776 18744 15701 14372 13373 13032 9017 4356 7501 5761 4023 2598 3494 3149
is_linear=0
shrinkage=0.05


Tree=34
num_leaves=15
num_cat=0
split_feature=0 4 5 7 7 3 6 9 5 3 4 6 0 8
split_gain=43.8028 28.1973 23.4043 20.186 18.0064 16.8372 15.5076 12.705 11.2776 10.526 10.4463 10.2926 12.4369 11.7131
threshold=1.0000000180025095e-35 -1.0000000180025095e-35 -1.0000000180025095e-35 -1.0000000180025095e-35 -1.0000000180025095e-35 1.0000000180025095e-35 1.0000000180025095e-35 -1.0000000180025095e-35 -1.0000000180025095e-35 1.0000000180025095e-35 -1.0000000180025095e-35 -1.0000000180025095e-35 1.0000000180025095e-35 -1.0000000180025095e-35
decision_type=8 8 8 10 8 10 8 8 8 10 8 8 10 8
left_child=4 -2 -3 6 -1 7 -4 -5 -6 -8 -10 -9 -13 -14
right_child=1 2 3 5 8 -7 9 11 10 -11 -12 12 13 -15
leaf_value=-0.052978093372340974 -0.02798887738065476 -0.01654349189853118 -0.027742181141961822 -0.032398779129558679 -0.055476045671358144 0.037815805820556832 6.5965346113643289e-05 -0.049308767966162376 -0.058327143600113554 0.014350499559180444 -0.0079819230238670508 -0.0013474471881898655 -0.026140107237473155 0.029605228808895646
leaf_weight=29.724437990429578 60.160478976700688 94.125262231915258 35.189917564333882 13.98878097347915 13.517450242768971 90.909287217771634 305.49885510432068 5.0339333923766389 9.7847650576150027 222.1897315538954 251.77542678362806 61.797948672203347 9.4120168606750649 127.70975830126554
leaf_count=3876 2322 2151 1394 270 1234 974 4888 194 694 1843 9378 765 190 1603
internal_value=3.83963e-11 0.00494615 0.00702441 0.00958519 -0.0166113 0.0198359 0.00393545 0.0121975 -0.0125039 0.00609641 -0.0100803 0.0153994 0.0172754 0.0256173
internal_weight=1330.82 1026.02 965.855 871.73 304.802 308.852 562.879 217.942 275.078 527.689 261.56 203.954 198.92 137.122
internal_count=31776 16594 14272 12121 15182 3996 8125 3022 11306 6731 10072 2752 2558 1793
is_linear=0
shrinkage=0.05


Tree=35
num_leaves=15
num_cat=0
split_feature=0 7 5 0 6 4 9 1 7 9 7 5 3 1
split_gain=41.7789 25.1448 20.7779 18.2997 15.9728 15.9536 15.2263 13.7948 13.2938 12.2838 12.9626 10.4931 10.4012 13.4711
threshold=0.15000000223517421 -1.0000000180025095e-35 -1.0000000180025095e-35 0.35000000894069677 1.0000000180025095e-35 -0.03499999921768903 -1.0000000180025095e-35 1.0000000180025095e-35 -1.0000000180025095e-35 -1.0000000180025095e-35 17.500000000000004 -1.0000000180025095e-35 1.0000000180025095e-35 1.0000000180025095e-35
decision_type=8 8 8 10 8 8 8 8 10 8 8 8 10 10
left_child=1 -1 -3 4 -2 -4 -6 -8 11 -7 12 -9 13 -11
right_child=3 2 5 -5 6 9 7 8 -10 10 -12 -13 -14 -15
leaf_value=-0.036011109973355819 -0.024329594627504371 -0.043770499430140643 -0.050870749696790576 0.025794888249647759 -0.030687552958809275 -0.047297512106988099 -0.030164707641765168 -0.024627953469488068 0.020023134652549984 -0.01707678525978093 -0.0071565283502261438 0.0065206414485500623 0.024514100092123816 0.018246972243101657
leaf_weight=79.771763320692116 43.995964127883781 32.73485186783364 15.842720538610591 117.9276887353044 25.198519828205463 13.049781162990255 21.392217008513398 28.682023698464036 201.8806845335057 54.00562245373294 249.91684075040394 304.3078910469776 74.832040799316019 51.993961988482624
leaf_count=5767 1492 1943 1012 1342 580 460 835 715 2302 2614 6964 3759 1220 771
internal_value=5.93668e-12 -0.0101469 -0.00589204 0.00781272 0.00438649 -0.00310524 0.00659731 0.00833834 0.00993169 -0.00128957 0.000210588 0.00377196 0.0103756 0.000258507
internal_weight=1315.53 572.148 492.376 743.385 625.457 459.641 581.461 556.263 534.871 443.798 430.748 332.99 180.832 106
internal_count=31776 20751 14984 11025 9683 13041 8191 7611 6776 12029 11569 4474 4605 3385
is_linear=0
shrinkage=0.05


Tree=36
num_leaves=15
num_cat=0
split_feature=1 5 8 6 7 3 4 9 4 9 0 0 7 3
split_gain=39.9451 27.8597 25.3188 22.6577 22.3029 16.9 14.1808 13.2439 12.6621 11.36 10.7823 10.3937 9.41964 9.08717
threshold=1.0000000180025095e-35 -1.0000000180025095e-35 -1.0000000180025095e-35 -1.0000000180025095e-35 -1.0000000180025095e-35 1.0000000180025095e-35 -1.0000000180025095e-35 -1.0000000180025095e-35 -0.26500000059604639 -1.0000000180025095e-35 0.35000000894069677 0.25000000745058065 -1.0000000180025095e-35 1.0000000180025095e-35
decision_type=8 8 8 8 10 8 10 10 8 8 8 10 8 8
left_child=5 10 -3 -4 8 -1 -6 -8 -5 -10 13 -11 -7 -2
right_child=1 2 3 4 6 12 7 -9 9 11 -12 -13 -14 -15
leaf_value=-0.038905286774790181 -0.046894351702719786 -0.030426705918824067 -0.042019932526547628 -0.049679269960170608 0.0034169977344451403 -0.052935459625887749 0.0053523544909600236 0.03362461205500801 -0.039081168843305564 0.0017167649010707761 0.011454367952009761 0.016947302811565541 -0.0065447073909929016 -0.013761083035481209
leaf_weight=69.780267880181782 35.049445911077783 42.313957191363443 20.518583511526231 9.7991366620408353 88.500820315617602 10.790000049775697 54.615811732131988 176.19195299432613 13.261739660927558 385.8586772516137 21.602186809352133 156.99069982860237 160.18738491399563 51.526478856103495
leaf_count=7271 1715 1383 959 609 1477 1738 694 2283 437 6272 344 1616 4023 955
internal_value=-2.02451e-11 0.00419281 0.00694083 0.00871818 0.00994034 -0.0183356 0.020485 0.0269865 0.00396501 0.00499774 -0.0197333 0.00614446 -0.00976311 -0.0275571
internal_weight=1296.99 1056.23 948.051 905.737 885.219 240.758 319.309 230.808 565.91 556.111 108.178 542.849 170.977 86.5759
internal_count=31776 18744 15730 14347 13388 13032 4454 2977 8934 8325 3014 7888 5761 2670
is_linear=0
shrinkage=0.05


Tree=37
num_leaves=15
num_cat=0
split_feature=0 4 5 3 7 8 7 6 9 7 0 5 8 6
split_gain=38.1748 24.4509 20.6725 18.6178 15.5225 15.116 14.5602 13.4273 12.156 14.2155 10.869 9.94502 9.79347 9.33181
threshold=1.0000000180025095e-35 0.024999999441206459 -1.0000000180025095e-35 1.0000000180025095e-35 -1.0000000180025095e-35 -1.0000000180025095e-35 -1.0000000180025095e-35 -1.0000000180025095e-35 -1.0000000180025095e-35 1.0000000180025095e-35 1.0000000180025095e-35 -1.0000000180025095e-35 -1.0000000180025095e-35 1.0000000180025095e-35
decision_type=8 8 8 10 8 8 10 8 8 10 10 8 8 8
left_child=4 -2 -3 5 -1 -4 -5 -7 -9 -10 -11 -6 -13 -14
right_child=1 2 3 6 11 7 -8 8 9 10 -12 12 13 -15
leaf_value=-0.05190373259139941 -0.025251319603926948 -0.015848179389148589 -0.039998572517633946 0.012103995028547004 -0.054444967796131873 -0.053648237819214996 0.036225696572112012 -0.033078033095834972 0.0012733222364193046 0.0015094337278090046 0.028280368871596573 -0.061326587711249318 -0.040745166578877598 -0.0050561946568088737
leaf_weight=26.19017861210159 62.848713343264535 90.443377422343474 18.354711636085995 230.2493693792494 12.242187123803886 8.5724684372544271 85.895613428903744 18.015157672460191 306.4269691426889 57.211582781630568 112.09560393844731 7.9458914375863969 18.976784658851106 226.76304424204864
leaf_count=3876 2465 2125 665 2199 1234 529 965 493 4954 701 1498 438 945 8689
internal_value=-2.1987e-10 0.0046881 0.00674236 0.00919994 -0.0158518 0.00337568 0.0187513 0.00503689 0.00616215 0.00771437 0.019296 -0.01212 -0.00987175 -0.00796617
internal_weight=1282.23 990.114 927.265 836.821 292.118 520.676 316.145 502.322 493.749 475.734 169.307 265.928 253.686 245.74
internal_count=31776 16594 14129 12004 15182 8840 3164 8175 7646 7153 2199 11306 10072 9634
is_linear=0
shrinkage=0.05


Tree=38
num_leaves=15
num_cat=0
split_feature=0 7 3 7 5 4 0 5 4 8 9 4 0 9
split_gain=35.2538 22.5328 16.6973 14.8379 14.6432 11.0715 10.3363 9.64171 9.24952 9.15306 9.44306 9.06272 8.94813 8.84948
threshold=1.0000000180025095e-35 -1.0000000180025095e-35 1.0000000180025095e-35 -1.0000000180025095e-35 -1.0000000180025095e-35 0.38499999046325689 0.35000000894069677 -1.0000000180025095e-35 1.0000000180025095e-35 -1.0000000180025095e-35 -1.0000000180025095e-35 -1.0000000180025095e-35 1.0000000180025095e-35 -1.0000000180025095e-35
decision_type=8 8 10 8 8 8 10 8 8 10 8 8 10 8
left_child=3 5 4 -1 -3 -2 -7 -5 -6 -10 -11 -9 -12 -13
right_child=1 2 -4 7 8 6 -8 11 9 10 12 13 -14 -15
leaf_value=-0.051594416910680299 -0.030212688287295026 -0.027570589259821074 0.017527443415123387 -0.054256240968852225 -0.02656610632936824 -0.0095349962065059274 0.024877513779450921 -0.056851347261791918 -0.00016826904319625107 -0.027948340286895818 0.001002525134330041 -0.061937655573526575 0.024763947617246394 -0.0059285910282763374
leaf_weight=24.782377969386289 51.428505234187469 36.294501526514068 302.39377540245187 11.73920651571825 21.02171764333616 121.41168314465904 25.568915921729058 8.7611110839061421 226.02010301017435 11.380552778020499 57.664422672591172 6.2872533288318664 126.23885000753216 237.17779218529176
leaf_count=3876 1868 1281 2902 1234 832 3292 306 694 3285 262 701 318 1865 9060
internal_value=-9.22139e-11 0.00452841 0.00835022 -0.0153228 0.00252756 -0.0104821 -0.0034209 -0.0117356 0.00505385 0.00669076 0.0145898 -0.00955014 0.0173591 -0.00762242
internal_weight=1268.17 979.423 781.014 288.748 478.62 198.409 146.981 263.965 442.326 421.304 195.284 252.226 183.903 243.465
internal_count=31776 16594 11128 15182 8226 5466 3598 11306 6945 6113 2828 10072 2566 9378
is_linear=0
shrinkage=0.05


Tree=39
num_leaves=15
num_cat=0
split_feature=0 5 7 0 6 4 1 8 5 3 9 7 8 3
split_gain=33.1502 20.8923 18.7867 16.588 14.0054 13.8902 12.8116 12.653 12.167 11.0799 9.87461 11.1077 9.03992 8.70264
threshold=0.15000000223517421 -1.0000000180025095e-35 -1.0000000180025095e-35 0.35000000894069677 1.0000000180025095e-35 -0.03499999921768903 1.0000000180025095e-35 -1.0000000180025095e-35 -1.0000000180025095e-35 1.0000000180025095e-35 -1.0000000180025095e-35 15.500000000000002 -1.0000000180025095e-35 1.0000000180025095e-35
decision_type=8 8 8 10 8 8 8 8 8 10 8 8 8 10
left_child=1 -1 -3 4 -2 -4 -6 -8 -9 -10 -7 12 -12 -14
right_child=3 2 5 -5 6 10 7 8 9 -11 11 -13 13 -15
leaf_value=-0.044796931816829574 -0.023909659734949171 -0.031185387911842263 -0.049709107089773913 0.02447528017952583 -0.031428721913369463 -0.044349503737191688 -0.029894131962182963 -0.014130293533137312 0.0056460919767321351 0.021753866837099154 -0.036243301762971782 -0.0062992783230022414 0.0030865051655620721 0.027210610273074889
leaf_weight=37.48251632443862 41.548064431059174 66.213141022395575 14.239347838563843 114.33279543649405 21.151755366940051 11.818463962990789 20.870528213970829 50.496361172641627 294.20314485029667 167.49704111390747 8.824199974536894 254.17306462876149 88.352401280819322 64.181778682861477
leaf_count=2514 1492 5196 1012 1342 881 460 631 1105 4172 1402 353 7298 2908 1010
internal_value=1.01823e-10 -0.00926264 -0.00655685 0.00711579 0.00374893 -0.00280186 0.00586174 0.00739747 0.00897229 0.0115241 -0.0011265 0.000206359 0.0104298 0.0133483
internal_weight=1255.38 545.285 507.802 710.1 595.767 441.589 554.219 533.067 512.197 461.7 427.35 415.531 161.358 152.534
internal_count=31776 20751 18237 11025 9683 13041 8191 7310 6679 5574 12029 11569 4271 3918
is_linear=0
shrinkage=0.05


Tree=40
num_leaves=15
num_cat=0
split_feature=1 6 4 7 9 3 5 0 5 9 5 3 5 8
split_gain=30.6608 22.5465 21.5908 21.0888 11.4502 11.3655 11.2509 11.2387 10.4807 10.389 9.96378 10.1426 9.16792 8.62475
threshold=1.0000000180025095e-35 -1.0000000180025095e-35 -1.0000000180025095e-35 -1.0000000180025095e-35 -1.0000000180025095e-35 1.0000000180025095e-35 50.500000000000007 0.45000000298023229 -1.0000000180025095e-35 -1.0000000180025095e-35 -1.0000000180025095e-35 1.0000000180025095e-35 -1.0000000180025095e-35 -1.0000000180025095e-35
decision_type=8 8 8 10 8 8 10 10 8 8 10 10 8 8
left_child=5 -2 -3 6 -5 -1 7 9 -7 -4 -6 -12 -11 -14
right_child=1 2 3 4 10 8 -8 -9 -10 12 11 -13 13 -15
leaf_value=-0.033588560721232723 -0.044351478539640631 -0.025111522821977202 -0.043191255330813937 -0.016381076846367481 0.0056609756265250969 -0.061042561718065436 0.039396884371474698 0.034724897924899738 -0.006167629688535901 -0.021028250067859397 0.018922086078435263 0.044237137735222809 -0.035758336646647175 0.0028373376231409248
leaf_weight=66.640567325812299 22.767456593224779 55.420753043901641 13.486885053804142 23.212248117197305 91.749809235683642 8.2323262654244882 17.680146351689473 21.387980706058443 159.20682595687686 47.635132558061741 159.72653306846041 53.270536238327622 13.91662655957043 489.78027239645598
leaf_count=7271 1174 2481 483 473 1416 675 228 223 5086 1554 2264 673 581 7194
internal_value=-1.55428e-10 0.00378188 0.00493564 0.00674768 0.0169337 -0.0162652 0.00119701 -2.02357e-05 -0.009212 -0.00139497 0.0195165 0.0254305 -0.000296192 0.00170224
internal_weight=1244.11 1010.03 987.267 931.846 327.959 234.08 603.887 586.207 167.439 564.819 304.747 212.997 551.332 503.697
internal_count=31776 18744 17570 15089 4826 13032 10263 10035 5761 9812 4353 2937 9329 7775
is_linear=0
shrinkage=0.05


Tree=41
num_leaves=15
num_cat=0
split_feature=0 4 3 5 9 6 7 4 7 1 3 7 0 8
split_gain=29.8603 19.6973 17.8498 16.1242 15.5009 13.9538 13.7427 12.451 11.5701 11.3537 16.2042 10.9502 9.80716 8.07342
threshold=0.15000000223517421 0.014999999664723875 1.0000000180025095e-35 -1.0000000180025095e-35 -1.0000000180025095e-35 1.0000000180025095e-35 -1.0000000180025095e-35 -1.0000000180025095e-35 3.5000000000000004 1.0000000180025095e-35 1.0000000180025095e-35 1.0000000180025095e-35 1.0000000180025095e-35 -1.0000000180025095e-35
decision_type=10 8 8 8 8 8 10 8 10 10 10 10 8 8
left_child=1 -1 7 -3 -5 -6 12 -2 -9 10 -8 -4 -7 -12
right_child=2 3 11 4 5 6 9 8 -10 -11 13 -13 -14 -15
leaf_value=-0.046435314185057724 -0.037246379912277444 -0.036312206368874292 0.011865988980597339 -0.047424281236280279 -0.028826771874271198 -0.018753351329421106 -0.013041159825620041 -0.0033337671754552936 0.021571138742179488 0.022518776675695816 -0.050843278768881298 0.034846987264170778 -0.00020873779283161803 0.021527758256812312
leaf_weight=28.912112218968105 19.833070685621351 37.658704162167851 188.19463264779188 18.090930822654627 42.969806933222571 108.53693115341594 92.424328774868627 182.24086324800737 61.581103500910103 94.955119751859456 3.1328959746751934 71.601105506066233 204.26142943586456 72.967498396115843
leaf_count=2171 854 2413 1910 871 2102 6898 3494 3587 1072 1212 139 882 3148 1023
internal_value=-5.98491e-12 -0.00672145 0.00903425 -0.00495422 -0.00304737 -0.00167656 0.000394306 -0.000139401 0.00301878 0.00878953 0.000966601 0.018309 -0.00668273 0.0179276
internal_weight=1227.36 703.91 523.451 674.998 637.339 619.248 576.278 263.655 243.822 263.48 168.525 259.796 312.798 76.1004
internal_count=31776 23471 8305 21300 18887 18016 15914 5513 4659 5868 4656 2792 10046 1162
is_linear=0
shrinkage=0.05


Tree=42
num_leaves=15
num_cat=0
split_feature=0 4 6 1 7 9 3 5 8 5 1 3 5 7
split_gain=28.1102 26.1103 22.5115 20.6401 17.9095 12.4748 12.3844 10.5179 9.15958 9.20083 12.7908 8.12983 9.51981 9.46787
threshold=0.35000000894069677 -0.024999999441206452 -1.0000000180025095e-35 1.0000000180025095e-35 -1.0000000180025095e-35 -1.0000000180025095e-35 1.0000000180025095e-35 -1.0000000180025095e-35 -1.0000000180025095e-35 -1.0000000180025095e-35 1.0000000180025095e-35 1.0000000180025095e-35 32.500000000000007 -34.499999999999993
decision_type=10 8 8 8 10 8 8 8 8 8 10 8 10 10
left_child=1 -1 -3 6 7 -6 -4 -5 -7 -10 -11 13 -13 -9
right_child=-2 2 3 4 5 8 -8 11 9 10 -12 12 -14 -15
leaf_value=-0.03647027410789537 0.024789594147441116 -0.053960281883422091 -0.031868798543264097 -0.02521846821852879 -0.023661387877844779 -0.019334072078711202 -0.0056590107828176674 -0.00037770209407690663 -0.0089555926394575668 0.0042377861361147509 0.02983432174388978 0.00079350840456004958 0.022071246509448427 -0.024399822365076273
leaf_weight=52.321476397817605 103.5275564796757 18.410887528501917 62.105021821211267 41.861668393015862 19.707645222311839 15.811413600691592 159.78940489992965 153.70246913796291 25.965428258175962 70.24542799172923 161.72730678878725 204.03001499001402 69.849283106974326 54.964065893262159
leaf_count=3056 1342 1072 6965 1541 450 394 5269 2600 595 919 2136 2328 749 2360
internal_value=-9.24601e-12 -0.00233128 -0.000610428 0.000385171 0.00405667 0.0139249 -0.0131048 -0.00148156 0.0167071 0.0189825 0.0221347 0.000625546 0.00628067 -0.00679147
internal_weight=1214.02 1110.49 1058.17 1039.76 817.865 293.457 221.894 524.408 273.75 257.938 231.973 482.546 273.879 208.667
internal_count=31776 30434 27378 26306 14072 4494 12234 9578 4044 3650 3055 8037 3077 4960
is_linear=0
shrinkage=0.05


Tree=43
num_leaves=15
num_cat=0
split_feature=6 0 4 9 3 5 7 3 1 7 0 5 7 7
split_gain=26.2542 25.2003 16.5553 15.0003 14.3247 12.9972 12.6614 10.6094 13.9476 9.70725 9.07612 9.02767 10.1387 7.16209
threshold=1.0000000180025095e-35 0.15000000223517421 -0.044999999925494187 -1.0000000180025095e-35 1.0000000180025095e-35 -1.0000000180025095e-35 -1.0000000180025095e-35 1.0000000180025095e-35 1.0000000180025095e-35 1.0000000180025095e-35 1.0000000180025095e-35 -1.4999999999999998 3.5000000000000004 -1.0000000180025095e-35
decision_type=8 10 8 8 8 8 10 10 10 10 8 8 10 8
left_child=-1 2 -2 -4 11 -5 10 8 -8 -6 13 -3 -13 -7
right_child=1 4 3 5 9 6 7 -9 -10 -11 -12 12 -14 -15
leaf_value=-0.025831840627433145 -0.047918436121389296 -0.026706974243733833 -0.046685922633348781 -0.032105824167734061 0.013485036437068838 -0.048137337704635935 -0.012324387664817488 0.021426897061909703 0.016570094066052685 0.036740863324087283 -0.00027507386002280907 -0.00089120022631682507 0.024375725556187403 -0.01252184762390874
leaf_weight=89.910239227145212 20.059450578934047 23.324563495465554 17.90822303108871 31.714624197629746 173.219750035787 16.025020218541613 91.925558583854581 96.581322046957212 74.861087759607472 60.735236013773829 200.71764594875276 157.5925149974646 52.043597640891676 91.365693746833131
leaf_count=4009 1720 723 929 2149 1620 2979 3541 1474 969 734 3180 2837 945 3967
internal_value=1.19439e-10 0.00211742 -0.00431543 -0.00283243 0.0109412 -0.00145534 0.000298744 0.00833172 0.000666172 0.019653 -0.0065725 0.00214567 0.00546743 -0.0182315
internal_weight=1197.98 1108.07 641.159 621.099 466.916 603.191 571.476 263.368 166.787 233.955 308.108 232.961 209.636 107.391
internal_count=31776 27767 20908 19188 6859 18259 16110 5984 4510 2354 10126 4505 3782 6946
is_linear=0
shrinkage=0.05


Tree=44
num_leaves=15
num_cat=0
split_feature=8 0 5 6 9 7 1 0 3 7 0 4 7 4
split_gain=25.6279 24.8893 21.4977 19.3027 19.5941 16.6896 17.3584 13.9764 13.0125 10.392 9.47259 8.47428 6.98272 6.87982
threshold=-1.0000000180025095e-35 0.25000000745058065 -1.0000000180025095e-35 -1.0000000180025095e-35 -1.0000000180025095e-35 -1.0000000180025095e-35 1.0000000180025095e-35 1.0000000180025095e-35 1.0000000180025095e-35 -1.0000000180025095e-35 1.0000000180025095e-35 0.034999999217689044 -1.0000000180025095e-35 0.28499999642372137
decision_type=8 10 8 8 8 10 10 8 10 10 10 10 8 8
left_child=-1 2 -2 -4 -5 7 8 12 10 -3 -7 -8 -6 -9
right_child=1 9 3 4 5 6 11 13 -10 -11 -12 -13 -14 -15
leaf_value=-0.03525866249001821 -0.029315921636246203 0.0092789428043799169 -0.058862595270466944 -0.04063613246430605 -0.048252322158181878 -0.017164957864570337 0.0011644422846449399 -0.023474049686844408 0.014989386889784002 0.03264945197046179 0.028728752567339762 0.029665446756296506 -0.013584130932590258 0.0030873589573959903
leaf_weight=48.394131805398501 66.676415335357888 164.06720507168211 12.711124389199538 26.388540286046918 16.532213926839177 88.886054613089073 33.563430583453737 25.331201808003243 84.069146670779446 66.765197683620499 11.932360725477336 117.3139651666861 95.030509338073898 328.13603250699816
leaf_count=2094 3365 2277 852 1132 3144 3850 698 1048 1382 1107 175 1626 4321 4705
internal_value=-4.77732e-11 0.00152984 -0.00220652 -2.20935e-05 0.000952077 0.0023715 0.0108499 -0.00376027 0.000558265 0.0161502 -0.0115044 0.0233747 -0.0191046 0.00112298
internal_weight=1185.8 1137.4 906.571 839.895 827.183 800.795 335.765 465.03 184.888 230.832 100.818 150.877 111.563 353.467
internal_count=31776 29682 26298 22933 22081 20949 7731 13218 5407 3384 4025 2324 7465 5753
is_linear=0
shrinkage=0.05


Tree=45
num_leaves=15
num_cat=0
split_feature=6 8 0 7 4 5 9 7 3 1 4 0 0 3
split_gain=23.917 22.4353 21.0624 14.8079 14.1122 11.6696 11.1916 12.3443 9.50273 13.457 8.1906 7.63542 7.46502 6.86404
threshold=1.0000000180025095e-35 -1.0000000180025095e-35 0.15000000223517421 -1.0000000180025095e-35 -0.044999999925494187 -1.0000000180025095e-35 -1.0000000180025095e-35 -1.0000000180025095e-35 1.0000000180025095e-35 1.0000000180025095e-35 0.32500000298023229 0.35000000894069677 1.0000000180025095e-35 1.0000000180025095e-35
decision_type=8 8 10 10 8 8 8 10 10 10 8 10 8 10
left_child=-1 -2 4 10 -3 -6 -7 12 9 -9 -4 -12 -8 -5
right_child=1 2 3 13 5 6 7 8 -10 -11 11 -13 -14 -15
leaf_value=-0.025060988132873791 -0.033424748230515271 -0.045788341439913761 -0.019009683275586817 0.017501153148817932 -0.031299077401639473 -0.041831382312932527 -0.015950672488287448 -0.010636374421913132 0.022406084865388518 0.018465979713401651 0.0044856764135823351 0.025291981634503316 0.00054953756770438915 0.042364430386459852
leaf_weight=87.08569584810175 41.885500156087801 17.265063117956743 28.812834114069119 82.790873717312934 29.489912424935028 14.228320909198372 104.36042419656587 88.409639695106307 92.640740263421321 70.498137801070698 225.73027127434034 54.001497532241046 196.00530444772448 43.03843080997467
leaf_count=4009 1821 1581 832 1447 2141 790 6701 3364 1300 863 2869 544 2994 520
internal_value=-1.48623e-10 0.00202495 0.00347329 0.0118829 -0.00249643 -0.00116692 0.000455056 0.00161888 0.00977005 0.00230939 0.00594875 0.00857807 -0.00521727 0.0262723
internal_weight=1176.24 1089.16 1047.27 434.374 612.898 595.632 566.143 551.914 251.549 158.908 308.545 279.732 300.366 125.829
internal_count=31776 27767 25946 6212 19734 18153 16012 15222 5527 4227 4245 3413 9695 1967
is_linear=0
shrinkage=0.05


Tree=46
num_leaves=15
num_cat=0
split_feature=0 4 6 1 7 3 3 7 5 7 9 6 5 0
split_gain=21.0009 23.4548 19.4566 16.6196 14.4609 11.4193 9.09373 8.87294 8.65478 8.60661 8.56792 7.34492 6.99782 8.46218
threshold=0.35000000894069677 -1.0000000180025095e-35 -1.0000000180025095e-35 1.0000000180025095e-35 -1.0000000180025095e-35 1.0000000180025095e-35 1.0000000180025095e-35 -17.499999999999996 32.500000000000007 -1.0000000180025095e-35 -1.0000000180025095e-35 3.5000000000000004 -1.0000000180025095e-35 0.15000000223517421
decision_type=10 8 8 8 10 10 8 10 10 10 8 10 8 10
left_child=1 -1 -3 5 6 -4 7 11 -8 -7 -6 -5 -12 -14
right_child=-2 2 3 4 10 9 8 -9 -10 -11 12 -13 13 -15
leaf_value=-0.035178974996457932 0.022136200421845456 -0.052985574188572193 -0.025409959453018372 0.0011368502984927063 -0.019893899783172051 -0.015495608996311184 -0.00014688029625308503 -0.030043579591180411 0.020079901541050268 0.010130290540040228 -0.0085554309739027425 -0.024148481056837756 0.011563729932709259 0.032116731428904394
leaf_weight=49.837367044470739 97.120861356845126 16.276658786373446 88.305891471485666 141.30060677940492 17.555703738937154 61.827689276076853 221.70025962468935 39.247756871336605 68.448583718738519 67.50684760074364 26.71814364567399 35.021620172308758 158.43129563191906 73.6884821386775
leaf_count=3150 1342 1069 7922 3075 445 2854 2853 2067 748 1440 648 796 2218 1149
internal_value=6.3634e-12 -0.00203589 -0.000377193 0.000531397 0.00393381 -0.0116576 -0.00109621 -0.00885293 0.00467737 -0.00214493 0.013108 -0.00399326 0.0154143 0.0181982
internal_weight=1162.99 1065.87 1016.03 999.753 782.112 217.64 505.719 215.57 290.149 129.335 276.394 176.322 258.838 232.12
internal_count=31776 30434 27284 26215 13999 12216 9539 5938 3601 4294 4460 3871 4015 3367
is_linear=0
shrinkage=0.05


Tree=47
num_leaves=15
num_cat=0
split_feature=8 0 5 3 7 5 7 4 4 1 9 6 3 7
split_gain=21.9408 20.3677 13.6219 13.2061 12.526 11.0207 9.34176 9.20106 9.16848 8.16059 9.78266 8.12488 7.83945 7.35575
threshold=-1.0000000180025095e-35 0.15000000223517421 -1.0000000180025095e-35 1.0000000180025095e-35 -1.4999999999999998 -1.4999999999999998 -1.0000000180025095e-35 0.60500001907348644 -0.10500000044703482 1.0000000180025095e-35 1.0000000180025095e-35 3.5000000000000004 1.0000000180025095e-35 28.500000000000004
decision_type=8 10 8 8 8 8 10 10 8 10 10 8 10 8
left_child=-1 2 -2 5 -4 -3 -5 -7 -6 12 -11 -12 -10 -14
right_child=1 3 4 6 8 7 -8 -9 9 10 11 -13 13 -15
leaf_value=-0.033808576575083439 -0.034360986527546301 -0.030624518605643664 -0.022637139083802785 0.011770077066241825 -0.045710823617606838 -0.0020001401431879078 0.03472023947206445 0.021159099139835293 -0.013311533301371357 0.00032349306258588033 0.031611810798357995 -0.0014410899895783802 0.013092476973927484 -0.0092714154437962513
leaf_weight=45.063436693220865 34.630637480557198 23.609068619553 67.850347098719794 166.52311624074355 9.7514645290211757 146.3525697516161 60.439840611768886 59.578440224169753 138.56326308745338 161.70539079501759 57.931215292657726 27.038650628179312 82.099424058716977 65.013112195534632
leaf_count=2094 2608 794 5064 1705 939 2919 806 1307 6970 2477 968 307 1366 1452
internal_value=-1.60844e-10 0.00141308 -0.0043078 0.00948274 -0.00254806 0.00101249 0.0180072 0.00476999 3.37553e-06 0.000924891 0.007571 0.0211995 -0.00482028 0.00321338
internal_weight=1146.15 1101.09 644.584 456.503 609.953 229.54 226.963 205.931 542.103 532.351 246.675 84.9699 285.676 147.113
internal_count=31776 29682 22151 7531 19543 5020 2511 4226 14479 13540 3752 1275 9788 2818
is_linear=0
shrinkage=0.05


Tree=48
num_leaves=15
num_cat=0
split_feature=6 1 8 7 7 4 0 4 5 3 4 5 0 0
split_gain=21.2392 19.0558 14.7434 14.2986 11.0559 9.71483 8.90225 8.35884 7.9879 7.53488 7.11274 6.89728 6.78245 6.49036
threshold=1.0000000180025095e-35 1.0000000180025095e-35 -1.0000000180025095e-35 1.0000000180025095e-35 -1.0000000180025095e-35 0.33500000834465032 0.35000000894069677 0.57499998807907116 -1.0000000180025095e-35 1.0000000180025095e-35 0.30500000715255743 52.500000000000007 0.15000000223517421 1.0000000180025095e-35
decision_type=8 8 8 10 8 8 10 10 8 10 10 10 8 10
left_child=-1 4 -3 5 -2 -4 8 12 -7 -6 -11 -10 -5 -9
right_child=1 2 3 7 9 6 -8 13 11 10 -12 -13 -14 -15
leaf_value=-0.024118150244819683 -0.052888813376895077 -0.026328376924450881 -0.018428883560300237 -0.0078513717762141635 -0.020255256214158784 -0.020777388455749449 0.023559761700082865 0.0097746934675146408 0.0028342698237003457 -0.010926171540858459 0.013282960767694061 0.04490240834243165 0.015359319471715866 0.034485964612192603
leaf_weight=83.477380043608719 13.948879675255737 34.219266257539857 51.327842536906246 45.241487412946299 77.749410494456242 34.749015920737293 52.152364945039153 41.699879616498947 389.7011896262411 68.72136289824266 52.715802503691521 9.0016025505028647 98.738097475346876 77.608372600981966
leaf_count=4009 3027 1329 1971 1263 6086 1261 550 586 5879 1850 1103 110 1469 1283
internal_value=-1.47812e-10 0.00194305 0.0053522 0.00673811 -0.0113666 0.00204783 0.00424562 0.0162592 0.00187288 -0.0082092 -0.000394347 0.00389401 0.00806217 0.0260021
internal_weight=1131.05 1047.57 834.439 800.22 213.135 536.932 485.604 263.288 433.452 199.187 121.437 398.703 143.98 119.308
internal_count=31776 27767 15701 14372 12066 9771 7800 4601 7250 9039 2953 5989 2732 1869
is_linear=0
shrinkage=0.05


Tree=49
num_leaves=15
num_cat=0
split_feature=4 1 6 7 7 3 5 0 5 3 9 5 5 7
split_gain=19.5781 19.5313 15.0157 15.5709 10.1371 9.39913 7.78409 8.45041 7.29277 7.10106 6.83519 6.62333 6.07191 5.66328
threshold=-1.0000000180025095e-35 1.0000000180025095e-35 -1.0000000180025095e-35 -1.0000000180025095e-35 -1.0000000180025095e-35 1.0000000180025095e-35 -1.0000000180025095e-35 0.15000000223517421 11.500000000000002 1.0000000180025095e-35 -1.0000000180025095e-35 -1.0000000180025095e-35 -1.0000000180025095e-35 19.500000000000004
decision_type=8 8 8 10 8 8 8 10 10 10 10 8 8 8
left_child=-1 4 -3 5 -2 12 -5 -8 -7 -6 -9 -11 -4 -13
right_child=1 2 3 6 9 8 7 10 -10 11 -12 13 -14 -15
leaf_value=-0.028631655907871451 -0.05243788733871059 -0.040563731230714946 -0.034937571757761486 -0.0072768356797523115 -0.020448864167697648 -0.0022704940607365439 0.011241744052142505 0.0079696495263917051 0.013344627453113067 -0.054437475513511135 0.038662263999564503 0.011856658786318121 -0.0041216892047007429 -0.0097260452741546877
leaf_weight=55.679637498164084 13.383948356029576 16.738903083605692 16.251264833612368 32.525192891480401 79.650618626299547 127.80143070704071 153.80802186566871 25.521135763730854 178.34334422333632 4.6190576429944485 67.392422302276827 59.942821626551449 224.88023813825566 59.646681709418772
leaf_count=3323 3058 1046 1060 766 6306 1737 2457 341 2088 438 1262 1068 5378 1448
internal_value=-1.38481e-10 0.0015288 0.00497413 0.00594428 -0.0118063 0.00103434 0.0155289 0.0185526 0.00683986 -0.00889574 0.0304064 -0.00138298 -0.00633427 0.00110064
internal_weight=1116.18 1060.51 843.262 826.523 217.243 547.276 279.247 246.722 306.145 203.859 92.9136 124.209 241.132 119.59
internal_count=31776 28453 16135 15089 12318 10263 4826 4060 3825 9260 1603 2954 6438 2516
is_linear=0
shrinkage=0.05


Tree=50
num_leaves=15
num_cat=0
split_feature=1 7 5 0 8 7 3 3 9 3 0 8 3 5
split_gain=18.8069 16.4533 12.0461 10.4663 9.96121 9.25107 8.81804 8.02138 7.02973 6.58042 6.39495 6.38397 6.2173 6.1274
threshold=1.0000000180025095e-35 -1.0000000180025095e-35 -1.0000000180025095e-35 0.35000000894069677 1.5000000000000002 -1.0000000180025095e-35 1.0000000180025095e-35 1.0000000180025095e-35 -1.0000000180025095e-35 1.0000000180025095e-35 0.25000000745058065 -1.0000000180025095e-35 1.0000000180025095e-35 44.500000000000007
decision_type=8 8 8 10 10 8 8 8 8 10 8 8 10 10
left_child=5 6 7 4 9 -1 10 -3 -6 11 -2 -4 -7 -11
right_child=1 2 3 -5 8 12 -8 -9 -10 13 -12 -13 -14 -15
leaf_value=-0.052098493884020915 -0.037702459899939839 -0.033298292709114323 -0.038903618287276662 0.029628857609660227 -0.025959074091658881 -0.021047913265236331 -0.00022361914826450011 0.00086744195810769446 0.02225563541132726 0.0080351433515635506 -0.0088623141160896132 0.00018757407281132951 -0.0033359417272718012 0.041044701027064277
leaf_weight=13.229508102303951 37.090537338517606 27.748835843725828 9.8554436186095682 54.141662367852405 7.2550997310318053 80.681781313745887 93.297644340083934 42.566758087195922 117.74097386916401 161.1660476361867 40.43971272368799 275.41791728668613 127.12343173247064 14.52488683501724
leaf_count=3168 2822 1357 466 746 212 6608 2244 827 2072 1743 1108 4993 3256 154
internal_value=-1.42542e-10 0.00327344 0.00662399 0.00878475 0.00681159 -0.0130069 -0.0106179 -0.0128933 0.0192733 0.00339804 -0.0229639 -0.0012941 -0.0102806 0.010981
internal_weight=1102.28 881.246 710.418 640.102 585.96 221.035 170.828 70.3156 124.996 460.964 77.5303 285.273 207.805 175.691
internal_count=31776 18744 12570 10386 9640 13032 6174 2184 2284 7356 3930 5459 9864 1897
is_linear=0
shrinkage=0.05


Tree=51
num_leaves=15
num_cat=0
split_feature=4 1 6 7 7 9 9 3 5 0 1 0 8 6
split_gain=18.5698 17.567 13.7014 13.9196 9.03545 8.31976 7.55503 7.31751 7.27061 9.3686 6.25038 6.14618 6.12898 6.11762
threshold=-1.0000000180025095e-35 1.0000000180025095e-35 -1.0000000180025095e-35 -1.0000000180025095e-35 -1.0000000180025095e-35 -1.0000000180025095e-35 -1.0000000180025095e-35 1.0000000180025095e-35 -1.0000000180025095e-35 0.15000000223517421 1.0000000180025095e-35 1.0000000180025095e-35 -1.0000000180025095e-35 1.0000000180025095e-35
decision_type=8 8 8 10 8 8 8 8 8 10 10 8 10 8
left_child=-1 4 -3 5 -2 -4 -5 -7 -8 10 -10 -9 -11 -6
right_child=1 2 3 6 13 7 8 11 9 12 -12 -13 -14 -15
leaf_value=-0.02833579108566487 -0.051632030524332122 -0.039388915579495712 -0.037689326116494122 -0.014678381331073754 -0.043634251367470213 -0.0044925308183091537 -0.0059566329331825702 -0.023349602190360298 -0.00065668978793995093 0.012109956825197074 0.020786240199378775 0.0090917568419428951 0.043079602101327968 -0.0063870140924975052
leaf_weight=53.909563723398605 12.041551158457876 16.171497714560246 12.492658946430309 19.18431250215508 10.754671482834967 233.53905752830906 29.253435407415964 14.475521654181646 54.974579904228449 23.660103756934404 87.753820423735306 274.17207680619322 55.55958838481456 191.033782933162
leaf_count=3323 3058 1046 504 473 804 6146 695 688 849 292 1369 2925 1148 8456
internal_value=3.54474e-11 0.00150174 0.00482671 0.00576264 -0.0112312 0.00107947 0.0149854 0.00207722 0.0173 0.0203783 0.01258 0.00738984 0.0340963 -0.00857755
internal_weight=1088.98 1035.07 821.237 805.065 213.83 534.679 270.386 522.187 251.202 221.948 142.728 288.648 79.2197 201.788
internal_count=31776 28453 16135 15089 12318 10263 4826 9759 4353 3658 2218 3613 1440 9260
is_linear=0
shrinkage=0.05


Tree=52
num_leaves=15
num_cat=0
split_feature=8 0 9 6 5 7 1 5 0 3 0 4 7 4
split_gain=17.8411 16.8217 17.9636 15.948 15.1065 13.1391 13.8636 10.1019 9.09674 7.49254 9.03697 7.34807 7.15193 6.65135
threshold=-1.0000000180025095e-35 0.25000000745058065 -1.0000000180025095e-35 -1.0000000180025095e-35 -1.0000000180025095e-35 -1.0000000180025095e-35 1.0000000180025095e-35 52.500000000000007 1.0000000180025095e-35 1.0000000180025095e-35 1.0000000180025095e-35 1.2549999952316286 -1.0000000180025095e-35 -1.0000000180025095e-35
decision_type=8 10 8 8 8 10 10 10 8 10 10 10 10 10
left_child=-1 2 -2 -4 -5 7 9 8 -6 10 -7 -11 -3 -8
right_child=1 12 3 4 5 6 13 -9 -10 11 -12 -13 -14 -15
leaf_value=-0.031641996661842454 -0.041511947161866694 0.0082048265840916085 -0.056721632784249736 -0.024189565981937066 -0.017168775712880172 -0.014496980804925575 0.0016633379357731911 0.044517963966298368 -0.00025890839662967617 0.0044373849518417772 0.032411221899954296 0.041454831574792669 0.028990774367852724 0.028969951900808651
leaf_weight=41.785755165969022 26.648603583569638 150.99552480538841 11.427931135724064 57.076457063041744 104.99256453011185 80.81609260723053 28.949983372236602 9.7913277303450723 318.7167445688392 66.680728769919369 10.785295010544358 15.878304899990324 56.720803715579677 97.974824347300455
leaf_count=2094 1300 2277 927 3122 7325 3850 663 237 5656 1183 175 199 1107 1661
internal_value=-1.13071e-10 0.00130369 -0.00188584 -0.000520954 0.000360858 0.00229869 0.0103051 -0.00327303 -0.00447963 0.00111842 -0.00868357 0.0119677 0.0139925 0.0228033
internal_weight=1079.24 1037.46 829.739 803.09 791.662 734.586 301.085 433.501 423.709 174.16 91.6014 82.559 207.716 126.925
internal_count=31776 29682 26298 24998 24071 20949 7731 13218 12981 5407 4025 1382 3384 2324
is_linear=0
shrinkage=0.05


Tree=53
num_leaves=15
num_cat=0
split_feature=6 8 0 4 7 7 9 1 3 4 6 5 5 10
split_gain=17.5368 16.1133 15.1836 10.6598 10.2756 8.68341 7.10622 7.2924 8.61371 6.64372 5.59436 5.43221 5.23302 5.06963
threshold=1.0000000180025095e-35 -1.0000000180025095e-35 0.15000000223517421 -1.0000000180025095e-35 -1.0000000180025095e-35 -1.0000000180025095e-35 -1.0000000180025095e-35 1.0000000180025095e-35 1.0000000180025095e-35 0.60500001907348644 2.5000000000000004 52.500000000000007 1.0000000180025095e-35 1.0000000180025095e-35
decision_type=8 8 10 8 10 10 8 10 10 8 10 10 8 8
left_child=-1 -2 3 -3 9 11 -7 8 10 -4 -8 -5 -11 -10
right_child=1 2 4 5 -6 6 7 -9 13 12 -12 -13 -14 -15
leaf_value=-0.022687519212678989 -0.030187644807406516 -0.041138878534032058 -0.01175584741617283 -0.0077975493466180493 0.023780502048709698 -0.033646359840031385 -1.1670786049599346e-05 0.019920357963325822 -0.020750356953628635 -0.010823095819803024 -0.026977001826889571 0.035143521137874043 0.011635689897836674 0.018986895954016841
leaf_weight=77.881308935742709 36.846502760658041 16.061697954777628 45.342936965287663 290.43930186871148 106.54734234049101 9.8568356847390515 55.038127958869154 80.015757106360979 8.3470077452657261 28.728191951988265 28.568232887948398 6.5816910166759035 212.47605242556892 62.668277581688017
leaf_count=4009 1821 1692 1156 11102 1967 493 2046 1352 269 570 1606 197 2519 977
internal_value=5.37271e-11 0.00181041 0.00308102 -0.00222494 0.0105937 -0.000997027 0.00596822 0.0077681 0.00139179 0.00562478 -0.00943565 -0.00673129 0.00892714 0.014093
internal_weight=1065.4 987.518 950.671 557.577 393.095 541.515 244.494 234.637 154.622 286.547 83.6064 297.021 241.204 71.0153
internal_count=31776 27767 25946 19734 6212 18042 6743 6250 4898 4245 3652 11299 3089 1246
is_linear=0
shrinkage=0.05


Tree=54
num_leaves=15
num_cat=0
split_feature=4 1 7 6 7 9 3 3 9 5 3 5 5 6
split_gain=16.1046 15.8815 11.9861 9.45178 8.41431 7.47496 7.04093 6.87149 6.91597 6.16469 6.59643 5.8593 5.7153 5.37438
threshold=-0.14500000327825543 1.0000000180025095e-35 -1.0000000180025095e-35 1.0000000180025095e-35 -1.0000000180025095e-35 -1.0000000180025095e-35 1.0000000180025095e-35 1.0000000180025095e-35 -1.0000000180025095e-35 -1.0000000180025095e-35 1.0000000180025095e-35 -1.0000000180025095e-35 16.500000000000004 -1.0000000180025095e-35
decision_type=8 8 10 8 8 8 8 10 8 8 10 8 10 8
left_child=-1 4 3 -3 -2 -5 -7 8 -4 -6 -11 -10 -8 -13
right_child=1 2 7 5 9 6 12 -9 11 10 -12 13 -14 -15
leaf_value=-0.031156341781418292 -0.051289962430869966 -0.024977016515015004 -0.029931697707632127 -0.036188902721297538 -0.054079632713719995 -0.0040494800344800215 0.00090585321222155497 0.024343887005042961 -0.016953702939911892 -0.018439798342982837 0.00078718612865415173 -0.040517561176683758 0.015297507721714669 0.014315118254389242
leaf_weight=38.906778283766471 11.368049821219754 34.391177364625037 10.72263960004784 11.656554684450382 6.2001419360167347 214.47915365494555 139.91903270737384 87.300173969590105 17.565860532573424 72.767831893193943 112.66079522564542 3.6574301712098531 135.33381407323759 155.75786867109127
leaf_count=2567 3085 1824 367 483 893 5577 1822 1420 551 5942 2583 239 1490 2933
internal_value=-6.7431e-11 0.00122524 0.00435815 -2.51844e-06 -0.0112479 0.00175684 0.00273192 0.0128231 0.00736425 -0.00861851 -0.00681651 0.00977935 0.00801157 0.0128124
internal_weight=1052.69 1013.78 810.784 535.78 202.997 501.389 489.732 275.004 187.704 191.629 185.429 176.981 275.253 159.415
internal_count=31776 29209 16706 11196 12503 9372 8889 5510 4090 9418 8525 3723 3312 3172
is_linear=0
shrinkage=0.05


Tree=55
num_leaves=15
num_cat=0
split_feature=8 0 5 9 6 7 1 0 3 0 4 3 4 3
split_gain=15.9898 15.2446 17.7368 14.7508 12.303 12.5917 14.0502 10.1851 7.32508 7.93569 7.20189 6.53383 5.66854 5.21666
threshold=-1.0000000180025095e-35 0.35000000894069677 -1.0000000180025095e-35 -1.0000000180025095e-35 -1.0000000180025095e-35 -1.0000000180025095e-35 1.0000000180025095e-35 1.0000000180025095e-35 1.0000000180025095e-35 1.0000000180025095e-35 0.034999999217689044 1.0000000180025095e-35 0.31499999761581426 1.0000000180025095e-35
decision_type=8 10 8 8 8 10 10 8 10 10 10 10 8 8
left_child=-1 2 13 -4 -5 7 8 -6 9 -7 -8 12 -9 -2
right_child=1 -3 3 4 5 6 10 11 -10 -11 -12 -13 -14 -15
leaf_value=-0.03067779702296345 -0.041324990077946704 0.021629087616284948 -0.034118644737282579 -0.045722735422068138 -0.015178333950032969 -0.01458346899277045 0.003827205164110504 -0.029531647747414669 0.012583793944059736 0.026467321432245616 0.029657476760411458 0.0097100087396586668 -0.0009037423427715682 -0.013565057818278634
leaf_weight=39.816154247120721 26.403012188937282 83.060768116847612 27.162125722621568 11.923191478708757 105.34950153088721 75.112936313227692 36.772210046532564 17.865174143749755 78.373415773909073 12.983690446242688 103.88860104535706 167.5528204110451 208.18847715953598 48.564313249196857
leaf_count=2094 2124 1233 1268 957 7465 3850 825 976 1393 212 1901 1845 4007 1626
internal_value=-9.65478e-11 0.00124691 -0.000614465 0.00146396 0.0026857 0.0034575 0.011405 -0.00144759 0.00154618 -0.00830424 0.0229795 0.00225662 -0.00328633 -0.0237572
internal_weight=1043.02 1003.2 920.139 845.172 818.01 806.087 307.131 498.956 166.47 88.0966 140.661 393.606 226.054 74.9673
internal_count=31776 29682 28449 24699 23431 22474 8181 14293 5455 4062 2726 6828 4983 3750
is_linear=0
shrinkage=0.05


Tree=56
num_leaves=15
num_cat=0
split_feature=8 6 0 7 4 9 7 3 1 3 5 4 0 5
split_gain=15.3877 14.4474 13.1159 9.48788 9.39525 8.07605 9.31928 6.78811 5.89442 7.29803 5.33169 4.90398 4.67247 4.91309
threshold=-1.0000000180025095e-35 1.0000000180025095e-35 0.15000000223517421 8.5000000000000018 -0.044999999925494187 -1.0000000180025095e-35 -1.0000000180025095e-35 1.0000000180025095e-35 1.0000000180025095e-35 1.0000000180025095e-35 -1.4999999999999998 1.2549999952316286 1.0000000180025095e-35 31.500000000000004
decision_type=8 8 10 10 8 8 10 8 10 10 8 10 8 10
left_child=-1 -2 4 7 -3 -6 12 10 9 -8 -4 -11 -7 -14
right_child=1 2 3 -5 5 6 8 -9 -10 11 -12 -13 13 -15
leaf_value=-0.030417620602895795 -0.020473679770558216 -0.041791187750142796 -0.028659706283229933 0.029454529128570724 -0.038242291435185621 -0.014412653520855148 -0.0088776958883599044 0.013811520247158884 0.018574093480442613 0.0064794469030595939 0.0023578736259746952 0.039140720139891005 -0.0062236680617125499 0.011796018216141992
leaf_weight=38.971423580718692 70.247628073542728 13.512993947108042 14.286534292623399 52.886521220643772 13.175169349764472 103.18894341251871 77.474676114135946 166.85942568210885 78.397388012497686 57.562510154675692 146.92048004223034 13.5474443588173 133.77502670492686 51.594072912586853
leaf_count=2094 3736 1581 561 1019 879 7428 3669 1759 1380 1053 2873 211 2713 820
internal_value=4.03184e-11 0.00122265 0.00289395 0.00999146 -0.00210175 -0.00101038 1.33132e-05 0.0067739 0.00757477 0.00168584 -0.000550715 0.0131584 -0.0059402 -0.00117184
internal_weight=1032.4 993.429 923.181 380.953 542.228 528.715 515.54 328.066 226.982 148.585 161.207 71.11 288.558 185.369
internal_count=31776 29682 25946 6212 19734 18153 17274 5193 6313 4933 3434 1264 10961 3533
is_linear=0
shrinkage=0.05


Tree=57
num_leaves=15
num_cat=0
split_feature=4 1 5 7 7 0 6 3 5 3 7 9 7 8
split_gain=14.9394 12.9332 11.1658 10.741 7.9591 6.92902 6.68933 5.68198 5.42434 5.8082 5.29954 5.28004 4.82146 4.7756
threshold=0.014999999664723875 1.0000000180025095e-35 -1.0000000180025095e-35 -1.0000000180025095e-35 -1.0000000180025095e-35 0.15000000223517421 -1.0000000180025095e-35 1.0000000180025095e-35 -1.0000000180025095e-35 1.0000000180025095e-35 -15.499999999999998 -1.0000000180025095e-35 19.500000000000004 1.0000000180025095e-35
decision_type=8 8 8 10 8 10 8 10 8 10 10 10 8 8
left_child=-1 4 -3 6 -2 -5 -4 10 -6 -10 -8 13 -11 -7
right_child=1 2 3 5 8 11 7 -9 9 12 -12 -13 -14 -15
leaf_value=-0.025482600041701605 -0.05078728887864558 -0.013947537660491416 -0.047003441058333456 0.0085246154783633465 -0.052383529132477416 -0.033888334259777955 0.0012481848435229247 0.0092816704881511069 -0.016945373465765412 0.012346653679138252 -0.017194888854706502 0.0344293907917246 -0.0084527108584075018 0.017938556251788064
leaf_weight=53.453329673560802 10.309948999769402 74.367480075336061 5.8622364374459721 143.20981099584606 5.5080251668696292 4.8577542491257191 227.02093866479117 192.66411223012256 70.255219484664849 51.762408521259204 45.990052538109012 59.780364834237844 58.059110016445629 17.634663846110929
leaf_count=3511 3035 2483 597 2604 874 91 4212 2378 5822 1054 2013 1377 1444 281
internal_value=-1.11781e-11 0.00143307 0.00434775 0.00631692 -0.010008 0.0152671 0.00201381 0.00273027 -0.00748255 -0.00582746 -0.00191006 0.0267602 0.00137365 0.00577929
internal_weight=1020.74 967.282 771.387 697.02 195.895 225.483 471.537 465.675 185.585 180.077 273.011 82.2728 109.822 22.4924
internal_count=31776 28265 16036 13553 12229 4353 9200 8603 9194 8320 6225 1749 2498 372
is_linear=0
shrinkage=0.05


Tree=58
num_leaves=15
num_cat=0
split_feature=0 7 5 8 6 6 3 6 4 1 7 1 9 1
split_gain=14.4532 15.5267 11.476 10.2736 9.38249 14.1588 7.1773 5.81536 5.7307 6.16275 5.32193 6.37859 4.96976 4.53259
threshold=0.35000000894069677 -1.0000000180025095e-35 -1.0000000180025095e-35 -1.0000000180025095e-35 3.5000000000000004 1.5000000000000002 1.0000000180025095e-35 -1.0000000180025095e-35 0.48499999940395361 1.0000000180025095e-35 1.0000000180025095e-35 1.0000000180025095e-35 -1.0000000180025095e-35 1.0000000180025095e-35
decision_type=10 8 8 8 10 10 8 8 10 10 10 10 8 8
left_child=1 6 -3 -4 5 7 -1 -5 9 -7 -9 -12 -10 -8
right_child=-2 2 3 4 -6 8 13 10 12 -11 11 -13 -14 -15
leaf_value=-0.03064746628633705 0.019679648185722473 -0.019688795986174727 -0.032287627367813508 -0.041307773851360023 -0.0088213626665343443 -0.0027895049873083444 -0.047582535278544828 -0.0081237837432863967 -0.024778599921963112 0.014702322771902225 -0.0043334967838062673 0.018267858872134817 0.025128251389094872 -0.0041404879506106917
leaf_weight=56.833002926505287 84.434716202900745 61.224825621873606 19.421965835848823 8.2619521433371101 122.86372958653374 77.011872709495947 5.5374228080472667 126.7538371429473 4.4738079607486725 142.96644643798936 65.209160926111508 58.352744279807666 101.02644502825569 77.4212178690359
leaf_count=5043 1342 2999 990 639 3350 2889 1738 2966 181 2052 2106 1117 2268 2096
internal_value=8.96282e-12 -0.00181107 0.000921772 0.00268376 0.00368882 0.00633107 -0.0171047 -0.00240046 0.013254 0.00859372 -0.00095702 0.00640108 0.0227991 -0.00757241
internal_weight=1011.79 927.358 787.567 726.342 706.92 584.056 139.792 258.578 325.479 219.978 250.316 123.562 105.5 82.9586
internal_count=31776 30434 21557 18558 17568 14218 8877 6828 7390 4941 6189 3223 2449 3834
is_linear=0
shrinkage=0.05


Tree=59
num_leaves=15
num_cat=0
split_feature=0 4 9 6 7 1 3 0 5 0 3 6 8 10
split_gain=15.5794 14.3416 11.9111 11.6597 9.86079 8.41667 7.02707 6.88312 5.13628 5.09006 6.9464 4.66837 4.46247 4.73603
threshold=0.25000000745058065 0.014999999664723875 -1.0000000180025095e-35 1.0000000180025095e-35 -1.0000000180025095e-35 1.0000000180025095e-35 1.0000000180025095e-35 1.0000000180025095e-35 32.500000000000007 1.0000000180025095e-35 1.0000000180025095e-35 2.5000000000000004 -1.0000000180025095e-35 1.0000000180025095e-35
decision_type=10 8 8 8 10 10 10 8 10 10 10 10 8 8
left_child=1 -1 -3 -4 7 9 -2 -5 -9 10 11 -6 -12 -14
right_child=6 2 3 4 5 -7 -8 8 -10 -11 12 -13 13 -15
leaf_value=-0.034143936361769982 0.0045304087355070473 -0.036414478352552439 -0.023635097920681886 -0.015340372928867661 -0.0045668028773158216 0.01869825965130005 0.023211008065405277 -0.0037707595149267473 0.011041624140256574 0.027721531449404237 -0.04730923014678691 -0.032616251165685423 -0.024525565090196568 0.01675139289678584
leaf_weight=34.834523236451787 125.47022136169835 23.000465170654934 50.116717563578277 96.380176693142857 47.843337521968351 115.57233656698372 83.788802101509646 236.37027304322692 76.676160913542844 14.700632831547408 2.3699651468778029 20.771571945922915 7.0034036561264648 56.895527019398287
leaf_count=2940 2722 1221 2950 7638 2040 2212 1001 4554 1259 257 160 1637 257 928
internal_value=-1.12664e-10 -0.00324299 -0.00175967 -0.000611133 0.00113184 0.00862609 0.0120851 -0.00373086 -0.000119076 0.000771613 -0.00234798 -0.0134047 0.00912922 0.0119192
internal_weight=991.794 782.535 747.701 724.7 674.583 265.157 209.259 409.427 313.046 149.584 134.884 68.6149 66.2689 63.8989
internal_count=31776 28053 25113 23892 20942 7491 3723 13451 5813 5279 5022 3677 1345 1185
is_linear=0
shrinkage=0.05


Tree=60
num_leaves=15
num_cat=0
split_feature=1 7 8 3 7 4 5 6 9 5 5 3 4 6
split_gain=13.9787 12.5864 7.86963 6.88522 6.63393 6.35578 6.27268 5.21983 5.17838 5.03543 4.76565 5.16863 4.47946 4.3534
threshold=1.0000000180025095e-35 -1.0000000180025095e-35 1.5000000000000002 1.0000000180025095e-35 -1.0000000180025095e-35 0.12499999627470972 7.5000000000000009 1.0000000180025095e-35 -1.0000000180025095e-35 -1.0000000180025095e-35 -1.0000000180025095e-35 1.0000000180025095e-35 0.43500000238418585 1.0000000180025095e-35
decision_type=8 8 10 10 8 8 10 8 8 8 8 10 10 8
left_child=4 5 3 9 -1 -2 -5 -7 -4 -3 -6 -12 -13 -10
right_child=1 2 8 6 10 7 -8 -9 13 -11 11 12 -14 -15
leaf_value=-0.050310866243138741 -0.03638179345258765 -0.025178974932130678 -0.018660312255699443 -0.0018214572855070105 -0.051349455735951247 -0.036296384375857152 0.016659484148282926 -0.0027561321083075245 -0.010169878325598101 5.2463373859613592e-05 -0.018889352260983497 -0.0091438520988167404 0.012050202545955343 0.021834851066970747
leaf_weight=9.8548412999371049 18.967885821533855 20.251074557105312 9.014290022198109 70.321907969424501 5.7021351723815314 11.87106381804915 130.30348997178953 119.85485574539052 11.088429789815565 284.41951876046369 67.345104242907837 65.309504391043447 38.959863648196915 118.31245838064933
leaf_count=3168 1367 1142 277 1041 946 872 1537 3935 407 5895 6152 1854 912 2271
internal_value=-7.00741e-11 0.00289923 0.00594498 0.00303663 -0.0122551 -0.0100646 0.0102048 -0.00602946 0.0164642 -0.00170153 -0.00986978 -0.00820206 -0.00118553 0.0190354
internal_weight=981.576 794.405 643.711 505.296 187.171 150.694 200.625 131.726 138.415 304.671 177.317 171.614 104.269 129.401
internal_count=31776 18744 12570 9615 13032 6174 2578 4807 2955 7037 9864 8918 2766 2678
is_linear=0
shrinkage=0.05


Tree=61
num_leaves=15
num_cat=0
split_feature=8 1 5 3 4 9 7 7 7 3 1 0 4 0
split_gain=13.5201 12.8797 11.1087 9.19364 9.2712 7.93731 8.1673 6.37582 6.13986 5.75946 5.11453 4.86219 5.48498 4.832
threshold=-1.0000000180025095e-35 1.0000000180025095e-35 -1.0000000180025095e-35 1.0000000180025095e-35 -0.054999999701976769 -1.0000000180025095e-35 1.0000000180025095e-35 -1.0000000180025095e-35 -1.0000000180025095e-35 1.0000000180025095e-35 1.0000000180025095e-35 0.15000000223517421 0.44499999284744268 0.25000000745058065
decision_type=8 8 8 10 8 8 10 8 10 8 10 8 10 10
left_child=-1 7 9 4 -4 -6 -7 -2 13 -3 -10 12 -9 -5
right_child=1 2 3 8 5 6 -8 11 10 -11 -12 -13 -14 -15
leaf_value=-0.029216908295547211 -0.049707574030492516 -0.030737630759438386 -0.03311485316684766 0.0040287641923977997 -0.033177907673054001 -0.00054773164918287931 0.014730214535249149 -0.013610305811062451 0.0073282472314690804 -0.002809760065982349 0.0367117178126087 -0.033690124531222235 0.0053049678787468442 0.022203850619942171
leaf_weight=37.049800013803178 8.9826272386999317 29.646209981758147 17.404428050504066 137.38703177293064 13.506551119731737 265.23744834586978 129.47280387952924 89.571318700094707 23.258227407641243 46.998894199146889 42.859161082538776 16.232974833139451 65.704519892809913 49.145952866412699
leaf_count=2094 3027 1789 1245 2093 598 6099 2655 5537 278 1030 882 689 3263 497
internal_value=1.29798e-10 0.00118719 0.00405776 0.00610093 0.00160636 0.00316402 0.0044883 -0.0107753 0.0136364 -0.013869 0.0266386 -0.00845997 -0.00562363 0.00891023
internal_weight=972.458 935.408 754.917 678.272 425.621 408.217 394.71 180.491 252.65 76.6451 66.1174 171.509 155.276 186.533
internal_count=31776 29682 17166 14347 10597 9352 8754 12516 3750 2819 1160 9489 8800 2590
is_linear=0
shrinkage=0.05


Tree=62
num_leaves=15
num_cat=0
split_feature=6 8 0 9 6 7 4 1 5 4 6 5 1 7
split_gain=13.0326 11.9227 11.6132 11.8048 9.91822 7.53456 8.97884 4.82748 4.51097 4.47892 5.14752 4.44263 4.22297 3.89288
threshold=1.0000000180025095e-35 -1.0000000180025095e-35 0.25000000745058065 -1.0000000180025095e-35 3.5000000000000004 -1.0000000180025095e-35 0.32500000298023229 1.0000000180025095e-35 41.500000000000007 0.9350000023841859 1.5000000000000002 17.500000000000004 1.0000000180025095e-35 38.500000000000007
decision_type=8 8 10 8 10 8 10 10 10 10 10 10 8 8
left_child=-1 -2 3 -3 5 12 8 -8 -7 10 -4 -12 -5 -9
right_child=1 2 9 4 -6 6 7 13 -10 -11 11 -13 -14 -15
leaf_value=-0.020630328496982094 -0.027552747859075272 -0.035999294824593429 -0.0045617935892153429 -0.047595864675037652 -0.012292079857470061 -0.0017532191963858948 0.0067848225611244241 0.030255026913949504 0.018302561844090928 0.031309967455320775 0.0056529966533489864 0.026215671451333369 -0.0072093093722976542 0.0083078462928329478
leaf_weight=69.937352013919735 32.68583361862693 21.264902199676726 41.082832976273494 6.3034249191696281 114.76406802120619 257.09574986554799 101.93376129721582 58.756783478660509 30.454321723605972 30.562081706128083 52.278873108560219 53.253552820300683 62.769679558870848 32.005974345840514
leaf_count=4009 1821 1214 665 2250 4704 6942 3326 1144 744 564 808 757 2536 292
internal_value=9.44019e-11 0.00163294 0.00276957 -0.000186662 0.00101251 0.0038094 0.00603378 0.0143551 0.000426949 0.0141416 0.010375 0.016178 -0.0115215 0.0226906
internal_weight=965.149 895.212 862.526 685.349 664.084 549.32 480.247 192.697 287.55 177.177 146.615 105.532 69.0731 90.7628
internal_count=31776 27767 25946 23152 21938 17234 12448 4762 7686 2794 2230 1565 4786 1436
is_linear=0
shrinkage=0.05


Tree=63
num_leaves=15
num_cat=0
split_feature=0 7 3 4 4 7 4 5 6 9 8 4 1 0
split_gain=12.8852 11.2956 7.7051 6.87838 6.18229 5.98489 5.7544 5.42843 4.9211 5.17219 4.86299 4.88343 4.31776 4.0253
threshold=1.0000000180025095e-35 -1.0000000180025095e-35 1.0000000180025095e-35 1.2250000238418581 -0.10500000044703482 -1.0000000180025095e-35 0.12499999627470972 -1.0000000180025095e-35 -1.0000000180025095e-35 1.0000000180025095e-35 -1.0000000180025095e-35 0.41499999165534979 1.0000000180025095e-35 0.35000000894069677
decision_type=8 8 10 10 8 8 8 8 8 10 8 10 8 10
left_child=5 6 4 13 -3 -1 -2 -7 -6 -10 -9 -12 -11 -4
right_child=1 2 3 -5 8 7 -8 10 9 12 11 -13 -14 -15
leaf_value=-0.043536120882119944 -0.035237271794616117 -0.029941209147935563 0.0083675243117945948 0.042080871490082467 -0.043662229705633111 -0.048659336469418925 -0.0054787971573044894 -0.053127124406308804 -0.00091787439596845177 -0.019845035266696773 -0.012291016695312676 0.0037008327076012248 0.014458266554449751 0.031559086351083836
leaf_weight=12.079792617587371 17.7796716010198 13.856219111708922 191.58134748635348 18.234356315108016 4.5666555585921742 7.1223555015167221 125.02393703853886 4.5323632939253002 217.40622472087853 9.0953024038171844 111.1757591352798 82.462109272746602 115.63180032931268 19.983654809650034
leaf_count=3876 1225 859 2429 268 439 1234 4241 438 4323 337 6044 3590 2268 205
internal_value=1.30948e-10 0.00317161 0.00622412 0.0133582 0.0016529 -0.0106628 -0.00940313 -0.00852683 0.00299807 0.00374631 -0.00684738 -0.00549675 0.0118189 0.0106963
internal_weight=950.532 733.159 590.356 229.799 360.556 217.372 142.804 205.293 346.7 342.133 198.17 193.638 124.727 211.565
internal_count=31776 16594 11128 2902 8226 15182 5466 11306 7367 6928 10072 9634 2605 2634
is_linear=0
shrinkage=0.05


Tree=64
num_leaves=15
num_cat=0
split_feature=0 5 3 4 6 9 7 7 3 0 6 4 5 7
split_gain=12.5424 10.4938 9.48223 8.03163 6.20375 5.84085 6.30162 5.62482 5.30785 5.01662 5.24942 4.98937 4.72366 4.67126
threshold=1.0000000180025095e-35 -1.0000000180025095e-35 1.0000000180025095e-35 -1.0000000180025095e-35 -1.0000000180025095e-35 -1.0000000180025095e-35 -1.0000000180025095e-35 -1.0000000180025095e-35 1.0000000180025095e-35 0.25000000745058065 1.0000000180025095e-35 -1.0000000180025095e-35 -1.0000000180025095e-35 13.500000000000002
decision_type=8 8 10 8 8 8 10 8 8 10 8 8 8 8
left_child=7 8 3 -3 -5 -6 -7 -1 -2 10 -4 -9 -13 -14
right_child=1 2 9 4 5 6 -8 11 -10 -11 -12 12 13 -15
leaf_value=-0.043130168197148169 -0.030708863601218491 -0.03021150878016847 -0.023622830393492132 -0.046261926348017089 -0.028895098136162773 -0.00050137693317871333 0.013423007224374462 -0.051566575013143379 -0.0038058423504988901 0.02501994812158221 0.010805772531244096 -0.047115662952131127 0.0036153130335510558 -0.012139227005576091
leaf_weight=11.567882449031456 29.001624243246624 19.260844056785572 10.892838529194703 5.525819753005635 12.919341303233521 245.06210066203494 120.50628313230118 5.5453549206722528 48.00612286782416 62.774170557269827 173.63177419756539 6.1191646181978285 80.301898049976444 111.3813304885698
leaf_count=3876 1632 1380 461 596 546 5235 2558 786 989 822 2375 1142 3380 5998
internal_value=6.57191e-12 0.00313663 0.00520758 0.000473444 0.00208697 0.0029129 0.00411277 -0.0105842 -0.0142015 0.0128946 0.00865701 -0.00853073 -0.00707092 -0.00555466
internal_weight=942.497 727.581 650.573 403.274 384.014 378.488 365.568 214.916 77.0077 247.299 184.525 203.348 197.802 191.683
internal_count=31776 16594 13973 10315 8935 8339 7793 15182 2621 3658 2836 11306 10520 9378
is_linear=0
shrinkage=0.05


Tree=65
num_leaves=15
num_cat=0
split_feature=6 0 9 8 5 7 1 0 3 0 4 4 4 8
split_gain=12.1432 11.0576 10.9304 10.0658 9.29991 7.78585 8.50229 5.7809 5.33613 5.73627 4.48941 4.44003 3.81052 3.7998
threshold=1.0000000180025095e-35 0.25000000745058065 -1.0000000180025095e-35 -1.0000000180025095e-35 -1.0000000180025095e-35 -1.0000000180025095e-35 1.0000000180025095e-35 1.0000000180025095e-35 1.0000000180025095e-35 1.0000000180025095e-35 0.67500001192092907 0.23499999940395358 0.83499997854232799 -1.0000000180025095e-35
decision_type=8 10 8 8 8 10 10 8 10 10 10 10 10 8
left_child=-1 2 -2 -4 -5 7 8 -6 9 -7 13 -8 -10 -3
right_child=1 10 3 4 5 6 11 -9 12 -11 -12 -13 -14 -15
leaf_value=-0.02025977695550291 -0.035178975627193944 -0.031583941050692482 -0.033699898553713546 -0.02038620129519618 -0.013172485043234575 -0.013042944705517898 0.0060656009880083349 0.0016130014000397892 0.0031532123159297544 0.027600204608760975 0.025880575547420598 0.028861180241796059 0.028430961902589605 0.0095676095319782092
leaf_weight=67.548218119933154 22.010739947145339 4.9010459985584021 20.601759777811822 46.141132706834469 85.508279129702714 62.679907540397835 33.07461903442163 279.65061258035712 42.862458716612309 9.0979465325362963 46.179072745260783 62.806899127201177 22.104168441350339 129.43268129033095
leaf_count=4009 1303 167 1456 2900 6928 3511 792 5135 875 163 914 1253 381 1989
internal_value=1.7272e-10 0.00159987 -0.0013 -0.000126676 0.000998054 0.00267993 0.00980858 -0.0018758 0.00176641 -0.00758291 0.0125753 0.0211415 0.0120543 0.00784395
internal_weight=934.6 867.051 686.539 664.528 643.926 597.785 232.626 365.159 136.744 71.7779 180.513 95.8815 64.9666 134.334
internal_count=31776 27767 24697 23394 21938 19038 6975 12063 4930 3674 3070 2045 1256 2156
is_linear=0
shrinkage=0.05


Tree=66
num_leaves=15
num_cat=0
split_feature=4 1 6 7 0 5 7 3 3 8 9 9 3 6
split_gain=11.7162 11.5481 9.30262 9.08565 6.10855 5.83427 5.12974 4.46328 4.40427 4.35948 4.09539 4.07643 4.14626 4.15215
threshold=-0.14500000327825543 1.0000000180025095e-35 -1.0000000180025095e-35 -1.0000000180025095e-35 0.45000000298023229 -1.0000000180025095e-35 -1.0000000180025095e-35 1.0000000180025095e-35 1.0000000180025095e-35 -1.0000000180025095e-35 -1.0000000180025095e-35 -1.0000000180025095e-35 1.0000000180025095e-35 3.5000000000000004
decision_type=8 8 8 10 10 8 8 10 10 8 8 8 10 10
left_child=-1 6 -3 4 5 -4 -2 10 -8 -7 -5 -11 13 -13
right_child=1 2 3 7 -6 9 8 -9 -10 11 -12 12 -14 -15
leaf_value=-0.02873019885976056 -0.048480194529284648 -0.037061221457045573 -0.018368326109773347 -0.02280195942877326 0.029297360960180843 -0.028840524638650208 -0.018700121310367839 0.023038880739259974 -0.001803742475004912 -0.030618228501482971 0.010037818588042334 0.0017234915847776284 0.0089878284666322101 -0.015588211957589707
leaf_weight=33.177530982153257 7.577403573639458 12.656558262795441 40.133937804144807 9.2079080336261523 17.002256236039102 10.63805839314591 63.734539570330526 71.981581147876568 96.013679729192518 8.2659870612551458 147.74085200671107 200.528370166081 165.8917110611801 40.83246455155313
leaf_count=2567 3085 1078 1642 350 231 669 6386 1312 3032 417 3443 4434 2080 1050
internal_value=1.06802e-10 0.00109933 0.00383437 0.00461205 0.000718025 -0.000384524 -0.0107017 0.0127938 -0.00861926 0.00134816 0.007979 0.00218844 0.00292768 -0.00125747
internal_weight=925.383 892.205 724.88 712.223 483.293 466.291 167.326 228.93 159.748 426.157 156.949 415.519 407.253 241.361
internal_count=31776 29209 16706 15628 10523 10292 12503 5105 9418 8650 3793 7981 7564 5484
is_linear=0
shrinkage=0.05


Tree=67
num_leaves=15
num_cat=0
split_feature=0 7 5 1 8 3 0 4 4 7 5 3 8 7
split_gain=11.06 10.5993 6.49315 6.04214 6.90377 5.70531 5.10897 5.00395 4.90408 4.83252 4.53696 4.47603 4.15596 4.74355
threshold=1.0000000180025095e-35 -1.0000000180025095e-35 -1.0000000180025095e-35 1.0000000180025095e-35 1.5000000000000002 1.0000000180025095e-35 1.0000000180025095e-35 -1.0000000180025095e-35 0.38499999046325689 -1.0000000180025095e-35 -1.0000000180025095e-35 1.0000000180025095e-35 -1.0000000180025095e-35 13.500000000000002
decision_type=8 8 8 8 10 10 10 8 8 8 8 8 8 8
left_child=7 8 11 6 5 -5 -4 -1 -2 -9 -11 -3 -12 -14
right_child=1 2 3 4 -6 -7 -8 9 -10 10 12 -13 13 -15
leaf_value=-0.051847605404494901 -0.025752232671061477 -0.027235939626673505 -0.031284649812902229 0.0011881897635348773 0.020700913858483432 0.013555748734851956 0.031372119729586125 -0.041130772846350999 -0.0039630943781543155 -0.046832897164558192 -0.050970984875259667 0.00091390869678520262 0.0055338333394227453 -0.010717222615678975
leaf_weight=5.9743364841851871 33.587898455851246 21.471515117358649 15.429263790370898 245.30754518297908 97.861087959638098 149.65174760250375 3.2005945721175513 9.8521074944437697 103.87466639680497 5.8249414070742205 3.8501213260460645 37.836742639367003 75.653380574665789 107.765882459149
leaf_count=1001 1868 1153 662 4870 1957 1645 98 3661 3598 1142 398 743 3126 5854
internal_value=1.13323e-13 0.00298396 0.00598615 0.00780402 0.0088724 0.00589671 -0.0194705 -0.0100814 -0.00943464 -0.00860365 -0.00674068 -0.00955988 -0.0052515 -0.00402063
internal_weight=917.142 708.221 570.758 511.45 492.82 394.959 18.6299 208.921 137.463 202.946 193.094 59.3083 187.269 183.419
internal_count=31776 16594 11128 9232 8472 6515 760 15182 5466 14181 10520 1896 9378 8980
is_linear=0
shrinkage=0.05


Tree=68
num_leaves=15
num_cat=0
split_feature=4 0 7 7 6 6 2 5 3 5 5 6 3 1
split_gain=11.208 9.93073 7.19395 6.76829 5.95405 4.98623 4.90853 4.4066 4.79133 4.35643 3.87866 3.6894 3.61677 3.46654
threshold=-1.0000000180025095e-35 0.15000000223517421 -1.0000000180025095e-35 -1.0000000180025095e-35 3.5000000000000004 1.5000000000000002 1.0000000180025095e-35 1.0000000180025095e-35 1.0000000180025095e-35 2.5000000000000004 -1.4999999999999998 -1.0000000180025095e-35 1.0000000180025095e-35 1.0000000180025095e-35
decision_type=8 10 10 8 10 10 8 8 10 8 8 8 8 10
left_child=-1 3 7 12 5 11 -7 -3 -9 -8 -4 -5 -2 -11
right_child=1 2 10 4 -6 6 9 8 -10 13 -12 -13 -14 -15
leaf_value=-0.02447137939445428 -0.03611999970612411 -0.013176308243572849 -0.0022084736509549291 -0.045666067053683257 -0.014751143389719147 -0.020041879710327552 -0.015076493889939271 -8.8300045829601471e-05 0.014331376293627771 0.0041839648963895642 0.024746141438814526 -0.0038103765711095341 -0.0096798174562032612 0.017988442012066105
leaf_weight=43.506703898485284 19.766267839004286 33.566709481179714 16.109035081230104 4.4547838985454291 67.459747142391279 15.473339719115756 17.179317211732268 137.64663611172 98.057424519909546 98.059859976609005 72.665295263344888 163.8690122023545 37.243735822194139 85.126597477821633
leaf_count=3323 3139 820 329 444 2987 443 1006 2950 1119 3873 1795 5443 2758 1347
internal_value=-2.34706e-10 0.00125524 0.0076232 -0.00323357 -0.00116579 0.00125193 0.00626967 0.00352212 0.00594577 0.00839103 0.0198848 -0.00518127 -0.0193117 0.0106617
internal_weight=910.184 866.678 358.045 508.633 451.623 384.163 215.839 269.271 235.704 200.366 88.7743 168.324 57.01 183.186
internal_count=31776 28453 7013 21440 15543 12556 6669 4889 4069 6226 2124 5887 5897 5220
is_linear=0
shrinkage=0.05


Tree=69
num_leaves=15
num_cat=0
split_feature=6 8 0 9 5 7 1 1 4 3 0 3 3 4
split_gain=11.1954 10.1858 9.17226 10.2878 9.13976 7.78398 8.89019 6.10214 5.10192 4.95802 5.23595 4.13551 3.86493 3.74033
threshold=1.0000000180025095e-35 -1.0000000180025095e-35 0.35000000894069677 -1.0000000180025095e-35 -1.0000000180025095e-35 -1.0000000180025095e-35 1.0000000180025095e-35 1.0000000180025095e-35 0.034999999217689044 1.0000000180025095e-35 1.0000000180025095e-35 1.0000000180025095e-35 1.0000000180025095e-35 -1.0000000180025095e-35
decision_type=8 8 10 8 8 10 10 8 10 10 10 10 8 8
left_child=-1 -2 3 -3 12 7 9 -6 -8 10 -7 -9 -5 -11
right_child=1 2 -4 4 5 6 8 11 -10 13 -12 -13 -14 -15
leaf_value=-0.019799117116181139 -0.026831181781330728 -0.030077521025332787 0.020305100532285125 -0.034807321790332163 -0.014535232116411532 -0.012446858358178377 0.0045478425899535086 -0.0023312930438980791 0.028885883080614891 -0.041013066591457238 0.023682239137636965 0.0085533484921439511 -0.0073160262139633885 0.015098328341290216
leaf_weight=65.162762827880215 29.43538193468703 24.668339796800865 66.323856202070601 18.950059454451548 62.874858935014345 60.065981693849608 30.814297038392397 207.03639680024935 73.906904762028717 2.1744382460601628 11.045475492719559 149.44564016192453 37.656989112088922 60.72961501716054
leaf_count=4009 1821 1336 1031 1817 6064 3511 728 5015 1672 207 196 1923 1387 1059
internal_value=-6.07899e-11 0.0015667 0.00263617 0.00102593 0.00214001 0.00380648 0.0109931 -0.00030121 0.0218352 0.00242198 -0.00658447 0.00224297 -0.0169636 0.0125473
internal_weight=900.291 835.128 805.693 739.369 714.701 658.094 238.737 419.357 104.721 134.016 71.1115 356.482 56.607 62.9041
internal_count=31776 27767 25946 24915 23579 20375 7373 13002 2400 4973 3707 6938 3204 1266
is_linear=0
shrinkage=0.05


Tree=70
num_leaves=15
num_cat=0
split_feature=1 7 4 8 5 3 0 5 8 7 0 5 6 5
split_gain=10.2888 9.71062 6.97836 5.80996 5.42383 5.17849 4.9031 4.63801 4.50097 4.40173 4.06554 4.57615 3.94087 3.81955
threshold=1.0000000180025095e-35 -1.0000000180025095e-35 0.35500000417232519 -1.0000000180025095e-35 45.500000000000007 1.0000000180025095e-35 0.35000000894069677 -1.0000000180025095e-35 2.5000000000000004 -1.0000000180025095e-35 0.25000000745058065 -12.499999999999998 -1.0000000180025095e-35 -15.499999999999998
decision_type=8 8 10 8 10 8 10 8 10 8 10 10 8 10
left_child=9 5 3 -3 6 -2 7 13 -9 -1 12 -12 -4 -5
right_child=1 2 10 4 -6 -7 -8 8 -10 -11 11 -13 -14 -15
leaf_value=-0.047780693081305711 -0.020461903459888797 -0.039671411760962567 -0.041644381786506236 0.0013303516635981172 0.024862796393937639 -0.0008800993298028354 0.017434839407663348 -0.00068839514732979014 0.027107010766085262 -0.0094293103139720044 -0.0031656222935308089 0.038174327932180008 0.01064147503591926 -0.033865945969583845
leaf_weight=6.9547045219223946 59.098326546285534 7.4017432691180147 2.7214976027025841 12.999393833801152 24.051288439251948 77.262999959551962 38.572851553326473 282.04776190132543 14.355535717098972 155.05800459911552 8.6541425433242676 26.519499973277561 158.59466344804969 17.679961962014204
leaf_count=3168 3930 436 245 481 430 2244 527 5242 312 9864 122 635 3189 951
internal_value=7.80784e-11 0.00253311 0.00529804 0.00147419 0.00235521 -0.00945394 0.000810979 -0.00119664 0.000744423 -0.0113586 0.0129795 0.0281967 0.00950825 -0.0193814
internal_weight=891.972 729.96 593.598 397.109 389.707 136.361 365.656 327.083 296.403 162.013 196.49 35.1736 161.316 30.6794
internal_count=31776 18744 12570 8379 7943 6174 7513 6986 5554 13032 4191 757 3434 1432
is_linear=0
shrinkage=0.05


Tree=71
num_leaves=15
num_cat=0
split_feature=6 9 8 0 4 7 1 5 1 3 0 6 10 2
split_gain=10.5779 9.39736 7.9713 7.63409 7.29722 8.20662 5.70246 4.97458 4.54057 4.40949 4.84781 3.54517 3.27181 3.35328
threshold=1.0000000180025095e-35 -1.0000000180025095e-35 -1.0000000180025095e-35 0.25000000745058065 -1.0000000180025095e-35 -1.0000000180025095e-35 1.0000000180025095e-35 52.500000000000007 1.0000000180025095e-35 1.0000000180025095e-35 1.0000000180025095e-35 2.5000000000000004 1.0000000180025095e-35 1.0000000180025095e-35
decision_type=8 8 8 10 8 10 10 10 8 10 10 10 8 10
left_child=-1 -2 -3 4 -4 7 9 8 -6 10 11 -7 -11 -14
right_child=1 2 3 -5 5 6 -8 -9 -10 12 -12 -13 13 -15
leaf_value=-0.019493480997960187 -0.02617604096389145 -0.023840749187712139 -0.026676923333900301 0.013451010088102906 -0.015607165549590555 -0.003025258933605827 0.019131257810887613 0.035130810461146349 -0.00080952910964681335 -0.018799240765357477 0.026233825273707281 -0.029463926914779271 -0.0029348229549906665 0.024294108825096621
leaf_weight=63.533101744862506 28.51986491039861 26.624178032347118 21.929352290811948 153.11542965607077 61.628701694462507 41.869100130599691 91.81772001052741 7.5985427580890237 301.67248381476384 6.5583165858697603 9.1731218048371357 17.35840148042189 15.515851857373489 38.800314385443926
leaf_count=4009 1491 1716 2098 2622 6295 1961 1978 217 6374 270 177 1576 224 768
internal_value=-3.1661e-11 0.00152819 0.00255541 0.00350148 0.00100218 0.00207076 0.00967321 -0.00247487 -0.00335568 0.00286034 -0.00581725 -0.0111345 0.0125472 0.0166035
internal_weight=885.714 822.181 793.662 767.037 613.922 591.993 221.093 370.9 363.301 129.275 68.4006 59.2275 60.8745 54.3162
internal_count=31776 27767 26276 24560 21938 19840 6954 12886 12669 4976 3714 3537 1262 992
is_linear=0
shrinkage=0.05


Tree=72
num_leaves=15
num_cat=0
split_feature=4 1 5 7 6 0 0 3 0 9 7 9 5 6
split_gain=9.62916 8.79697 7.65054 7.26787 4.64543 4.35685 4.2927 4.18911 3.61477 3.5866 3.54865 3.46197 3.21673 3.41468
threshold=-1.0000000180025095e-35 1.0000000180025095e-35 -1.0000000180025095e-35 -1.0000000180025095e-35 -1.0000000180025095e-35 0.15000000223517421 0.15000000223517421 1.0000000180025095e-35 0.45000000298023229 -1.0000000180025095e-35 -1.0000000180025095e-35 -1.0000000180025095e-35 -1.0000000180025095e-35 1.0000000180025095e-35
decision_type=8 8 8 10 8 10 8 8 10 10 8 8 8 8
left_child=-1 6 7 4 -4 -5 10 -3 11 -7 -2 -6 -12 -14
right_child=1 2 3 5 8 9 -8 -9 -10 -11 12 -13 13 -15
leaf_value=-0.023247627548075044 -0.044454044479629473 -0.028647413423668968 -0.043096552077391978 0.0077039235322653721 -0.029112263984155281 0.005030904555334937 -0.032875799262055271 -0.0026969340410982179 0.026396142045392146 0.030736714291020706 -0.045744880881424178 0.0021406646983842454 -0.033926287980499827 -0.0011845529782392912
leaf_weight=41.396867918170756 4.9222828835772816 24.029177229676861 4.7013080622709822 120.30107670940924 8.0628579971380532 19.315372849872801 16.554753830161644 41.694953351747245 14.070804652757941 48.447345235734247 3.6407884887594264 401.22748341638362 7.5242197829647921 122.39632167493255
leaf_count=3323 2836 1576 599 2627 451 375 890 926 207 1389 838 7985 727 7027
internal_value=-1.05307e-10 0.00117632 0.00362258 0.00535684 0.00174636 0.0135221 -0.00953646 -0.0124717 0.00234471 0.0235891 -0.00653071 0.00145554 -0.0048131 -0.00332541
internal_weight=878.286 836.889 681.85 616.126 428.062 188.064 155.038 65.7241 423.361 67.7627 138.484 409.29 133.561 129.921
internal_count=31776 28453 16135 13633 9242 4391 12318 2502 8643 1764 11428 8436 8592 7754
is_linear=0
shrinkage=0.05


Tree=73
num_leaves=15
num_cat=0
split_feature=5 0 6 9 8 7 1 4 1 3 0 6 3 4
split_gain=9.20881 8.59834 8.202 7.81994 7.35596 6.29584 6.46293 4.70785 4.68638 4.45087 5.18201 4.24747 3.82802 4.72251
threshold=-1.0000000180025095e-35 0.25000000745058065 -1.0000000180025095e-35 -1.0000000180025095e-35 -1.0000000180025095e-35 -1.0000000180025095e-35 1.0000000180025095e-35 0.65500000119209301 1.0000000180025095e-35 1.0000000180025095e-35 1.0000000180025095e-35 1.5000000000000002 1.0000000180025095e-35 -1.0000000180025095e-35
decision_type=8 10 8 8 8 10 10 10 8 10 10 10 10 8
left_child=-1 2 -2 -4 -5 8 9 11 -6 10 -7 -3 13 -8
right_child=1 7 3 4 5 6 12 -9 -10 -11 -12 -13 -14 -15
leaf_value=-0.016364952233778048 -0.050074368409395158 -0.0061830073359005842 -0.031425143110039036 -0.030432076006144056 -0.01461910674963595 -0.013008361385999876 -0.028335909064941836 0.026581928804415806 0.0001896870573160316 0.01047216863768595 0.025942026179112149 0.013788077438577049 0.035792706352552175 0.015928918062975073
leaf_weight=77.27419791516877 7.3900172927242238 40.196750160728698 18.570190402300796 17.431648407422472 63.810615203678026 60.682271496392787 5.6936495592817664 40.450311967288144 303.94653668784304 63.442978237362695 8.963172421557827 75.198647677665576 22.242123714997433 67.787410588585772
leaf_count=4143 920 947 1223 1413 6474 3850 391 986 6744 1382 175 1195 541 1392
internal_value=-7.04005e-11 0.00160761 -0.000962288 -0.000310406 0.000680214 0.00163872 0.0081322 0.0120994 -0.00241251 0.0009765 -0.0076993 0.00683801 0.0179682 0.0121647
internal_weight=873.081 795.806 639.961 632.571 614 596.569 228.812 155.846 367.757 133.088 69.6454 115.395 95.7232 73.4811
internal_count=31776 27633 24505 23585 22362 20949 7731 3128 13218 5407 4025 2142 2324 1783
is_linear=0
shrinkage=0.05


Tree=74
num_leaves=15
num_cat=0
split_feature=6 9 3 4 1 0 7 7 5 8 7 4 6 0
split_gain=9.21416 7.89274 7.14194 6.43535 5.76107 5.69966 5.74616 4.98183 3.88162 3.78608 3.77779 4.18081 3.39296 3.88358
threshold=1.0000000180025095e-35 -1.0000000180025095e-35 1.0000000180025095e-35 -0.064999999478459344 1.0000000180025095e-35 1.0000000180025095e-35 1.0000000180025095e-35 -1.0000000180025095e-35 -26.499999999999996 1.0000000180025095e-35 -1.0000000180025095e-35 -1.0000000180025095e-35 3.5000000000000004 0.45000000298023229
decision_type=8 8 10 8 8 10 10 10 8 8 10 8 10 10
left_child=-1 -2 3 -3 -5 10 8 9 -7 -6 -4 -12 -11 -14
right_child=1 2 5 4 7 6 -8 -9 -10 12 11 -13 13 -15
leaf_value=-0.01856151899777388 -0.024550609895707586 -0.03178142781354678 -0.0096455535638771042 -0.015000781664585253 -0.01936355198485867 -0.037713671620809922 0.03047837393839873 0.009887229974019883 0.010103107567439172 0.0029094755012547078 -0.045371839437427959 0.010339712434241612 -0.017203661281686967 0.037366273584077375
leaf_weight=61.081377367780078 27.220308549993206 16.199100595025811 59.185183796980709 58.665887272065447 27.97396540279442 3.3900569165125489 37.296349289128557 123.55516324366909 168.07127928989939 176.08197294425918 2.5707908137119375 64.306017463473836 38.332177110190969 2.6200845120474687
leaf_count=4009 1491 1635 3278 7256 1075 31 873 3007 2128 4003 303 1492 1167 28
internal_value=-1.70554e-10 0.00142885 0.00236786 -0.00179411 -0.00058553 0.00786882 0.0129187 0.00174339 0.0089445 -0.00238696 -0.000529563 0.00756123 -0.00012004 -0.0129049
internal_weight=866.55 805.468 778.248 443.428 427.229 334.82 208.758 368.563 171.461 245.008 126.062 66.8768 217.034 40.9523
internal_count=31776 27767 26276 18171 16536 8105 3032 9280 2159 6273 5073 1795 5198 1195
is_linear=0
shrinkage=0.05


Tree=75
num_leaves=15
num_cat=0
split_feature=5 0 3 7 8 9 7 4 7 6 8 9 3 5
split_gain=9.15307 8.33767 7.03933 6.78932 4.07161 4.04283 3.86791 3.66963 3.65609 3.51319 3.44035 3.47173 3.26596 3.26692
threshold=-1.0000000180025095e-35 1.0000000180025095e-35 1.0000000180025095e-35 -1.0000000180025095e-35 1.5000000000000002 -1.0000000180025095e-35 -1.0000000180025095e-35 -1.0000000180025095e-35 -1.0000000180025095e-35 1.0000000180025095e-35 -1.0000000180025095e-35 -1.0000000180025095e-35 1.0000000180025095e-35 -10.499999999999998
decision_type=8 8 10 8 10 8 8 8 10 8 8 10 8 10
left_child=12 6 3 -3 -5 -6 -2 -8 9 -4 -9 -12 -1 -14
right_child=1 2 8 4 5 -7 7 10 -10 -11 11 -13 13 -15
leaf_value=-0.029938278658136905 -0.039376977058383243 -0.014490599887097864 -0.021007087703391089 0.00035845069526565626 -0.032094233494635055 0.017692045127041398 -0.048260628265704951 -0.048855733125121918 0.022021847781116603 0.0093355612141443733 -0.011192104866378758 0.003023303614491392 0.0031629806821016748 -0.022663326429227613
leaf_weight=27.558979602647014 8.1356221908208664 63.705132607603446 9.2133083970984426 241.72482306258462 3.46650953264907 59.891997813188937 3.988480822823476 3.3070513653801754 59.039290626998991 159.26716361375293 78.852299783495255 92.232240142584487 27.15042990665097 20.992966991412686
leaf_count=2358 3588 3370 405 5269 160 1516 694 398 1199 2054 4563 4417 827 958
internal_value=-8.84931e-11 0.00161312 0.00449877 0.000225381 0.00333556 0.0145118 -0.00758737 -0.00592606 0.0113942 0.00756212 -0.0046882 -0.0035555 -0.0164845 -0.00833061
internal_weight=858.526 782.824 596.308 368.788 305.083 63.3585 186.516 178.38 227.52 168.48 174.392 171.085 75.7024 48.1434
internal_count=31776 27633 13973 10315 6945 1676 13660 10072 3658 2459 9378 8980 4143 1785
is_linear=0
shrinkage=0.05


Tree=76
num_leaves=15
num_cat=0
split_feature=4 0 6 6 7 1 7 6 0 4 8 5 3 0
split_gain=8.61917 7.35021 6.7245 7.95303 5.22612 4.47931 3.90597 3.56333 3.82104 3.48808 3.36364 3.29812 3.02518 2.78711
threshold=0.31499999761581426 0.35000000894069677 1.0000000180025095e-35 3.5000000000000004 -1.0000000180025095e-35 1.0000000180025095e-35 -6.4999999999999991 1.5000000000000002 1.0000000180025095e-35 -0.57499998807907093 1.0000000180025095e-35 12.500000000000002 1.0000000180025095e-35 0.15000000223517421
decision_type=8 10 8 10 10 10 10 8 8 10 8 8 10 10
left_child=9 2 -2 4 6 -6 7 -4 -9 -1 -10 13 -7 -12
right_child=1 -3 3 -5 5 12 -8 8 10 -11 11 -13 -14 -15
leaf_value=-0.038953633443935896 -0.018314906700077547 0.018777583461318248 -0.0070097677873480913 -0.010505247142285601 0.0039247599758072335 0.013499898042527107 -0.021123523201746597 -0.0074555822569666447 -0.011470309932045767 -0.0097913715148846003 -0.015203349991750154 0.014363707909486182 0.035234146281161234 0.0092402693190144127
leaf_weight=10.640883689862674 43.49438433823525 58.699001861270517 82.398544182666228 108.27676890839939 104.00642257357686 63.41641946346499 18.501493111354648 48.570561055887083 18.920736266067252 100.91646622779808 19.375308413342282 128.71573466435075 21.722159877419472 26.282824568101205
leaf_count=931 2918 1020 2666 4421 3833 1427 1488 3578 472 5877 488 1794 449 414
internal_value=-1.49304e-10 0.00195237 0.000482492 0.00178616 0.00430325 0.0109513 0.000613522 0.0019149 0.0049717 -0.0128944 0.00811669 0.0102953 0.0193898 -0.00123606
internal_weight=853.938 742.38 683.681 640.187 531.91 189.145 342.765 324.264 241.865 111.557 193.295 174.374 85.1386 45.6581
internal_count=31776 24968 23948 21030 16609 5709 10900 9412 6746 6808 3168 2696 1876 902
is_linear=0
shrinkage=0.05


Tree=77
num_leaves=15
num_cat=0
split_feature=0 7 1 8 0 5 5 6 3 6 4 3 7 9
split_gain=8.38018 7.66365 5.16131 6.02924 5.05734 4.69842 4.14632 3.97645 3.75145 3.58406 3.47424 3.31103 3.30484 3.21065
threshold=1.0000000180025095e-35 -1.0000000180025095e-35 1.0000000180025095e-35 1.5000000000000002 0.15000000223517421 17.500000000000004 -1.0000000180025095e-35 1.5000000000000002 1.0000000180025095e-35 3.5000000000000004 -1.0000000180025095e-35 1.0000000180025095e-35 -1.0000000180025095e-35 -1.0000000180025095e-35
decision_type=8 8 8 10 8 10 8 8 8 10 8 10 8 8
left_child=6 8 4 5 -3 9 -1 -7 -2 -4 -8 -9 -12 -14
right_child=1 2 3 -5 -6 7 10 11 -10 -11 12 -13 13 -15
leaf_value=-0.046268115260059507 -0.018210085800258138 0.030315418339443158 0.0013682012225271244 0.01712228804508481 -0.03222111435329799 -0.002379518662577124 -0.04775657393160776 0.0067823868083002675 -0.00077698348533868859 -0.01555520098405851 -0.037370372367150378 0.02213910818355385 -0.049469557519217076 -0.0039044042863427518
leaf_weight=6.2961880106304307 54.047037093783729 3.2094464763067689 173.06318525923416 101.25923988234717 14.98320780272479 55.344066601537634 4.2808683500334155 84.408381534914952 70.445179989728786 37.155035965639399 7.285061310241872 60.774428045493551 2.9678800298133865 169.93446083427989
leaf_count=1522 3438 107 3346 2370 714 1373 891 1705 2028 890 3391 623 318 9060
internal_value=2.88273e-11 0.00268889 0.00531065 0.00625411 -0.0201841 0.00353975 -0.00919398 0.00899548 -0.00843019 -0.00168241 -0.00768594 0.0133183 -0.00647563 -0.0049665
internal_weight=845.454 654.689 530.197 512.004 18.1927 410.745 190.764 200.527 124.492 210.218 184.468 145.183 180.187 172.902
internal_count=31776 16594 11128 10307 821 7937 15182 3701 5466 4236 13660 2328 12769 9378
is_linear=0
shrinkage=0.05


Tree=78
num_leaves=15
num_cat=0
split_feature=5 0 3 4 7 1 4 7 0 3 6 7 9 6
split_gain=8.45264 7.83972 5.69477 5.36322 4.58819 4.4869 3.98998 3.96014 3.78969 4.75566 3.40197 3.19913 3.16297 4.07695
threshold=-1.0000000180025095e-35 0.15000000223517421 1.0000000180025095e-35 -0.044999999925494187 -1.0000000180025095e-35 1.0000000180025095e-35 -1.0000000180025095e-35 3.5000000000000004 1.0000000180025095e-35 1.0000000180025095e-35 2.5000000000000004 1.0000000180025095e-35 1.0000000180025095e-35 4.5000000000000009
decision_type=8 10 8 8 8 10 8 10 10 10 10 10 10 8
left_child=-1 3 6 -2 -5 8 -3 -8 9 10 -6 -4 -7 -14
right_child=1 2 11 4 5 12 7 -9 -10 -11 -12 -13 13 -15
leaf_value=-0.016117545536195956 -0.037226137187193517 -0.027506237322740497 0.010686487270211599 -0.016285081207812465 -0.0084473680281091229 0.0010185628054006411 -0.000509835005224165 0.02082897223815967 0.01895160030058779 0.00069349959037756854 -0.029139561063199565 0.028480472418776007 0.022276163468986684 -0.0062190603816903445
leaf_weight=73.177507728752971 9.9082286096527223 10.334977181773864 116.94915003422648 47.363072893102071 68.05928209949343 124.8280590280192 122.66245607414749 25.415209079219494 14.508904587593859 103.8610555040359 27.878169563424308 32.248668962449301 45.961944439215586 16.625384892569855
leaf_count=4143 1607 676 1620 5378 4113 2487 3025 900 308 2792 2728 682 1124 193
internal_value=9.99661e-11 0.00155752 0.00772097 -0.00258093 -0.00173554 1.60301e-05 0.00110011 0.00326779 -0.00491496 -0.00673384 -0.0146988 0.0146966 0.00565072 0.0147281
internal_weight=839.782 766.605 307.61 458.994 449.086 401.723 158.413 148.078 214.307 199.799 95.9375 149.198 187.415 62.5873
internal_count=31776 27633 6903 20730 19123 13745 4601 3925 9941 9633 6841 2302 3804 1317
is_linear=0
shrinkage=0.05


Tree=79
num_leaves=15
num_cat=0
split_feature=6 9 8 1 7 5 0 4 4 4 4 0 5 7
split_gain=8.57401 8.00153 7.55 7.19027 6.64673 4.79496 4.11375 3.84141 3.61981 3.37472 3.32327 3.17138 3.89106 3.03182
threshold=-1.0000000180025095e-35 -1.0000000180025095e-35 -1.0000000180025095e-35 1.0000000180025095e-35 -1.0000000180025095e-35 -1.0000000180025095e-35 0.15000000223517421 0.44499999284744268 0.23499999940395358 -0.26500000059604639 0.5249999761581422 0.25000000745058065 52.500000000000007 -1.0000000180025095e-35
decision_type=8 8 8 8 10 8 8 10 10 8 10 10 10 8
left_child=-1 -2 10 6 5 -5 7 -4 -6 -7 -3 12 -11 -9
right_child=1 2 3 4 8 9 -8 13 -10 11 -12 -13 -14 -15
leaf_value=-0.039701738651366156 -0.025560818057730934 -0.042212284228133834 -0.011975239885331716 -0.015746024700196891 0.0042365265518364819 -0.034351056618009891 -0.031525115218912769 -0.03891323644126838 0.018329662855840909 -1.8028072356940082e-05 -0.0070923717279206579 0.011050364872418035 0.038703132843586369 0.0080910271600581878
leaf_weight=12.381398996425558 27.135370443895226 12.222776503491334 73.702034558489686 36.277414164913353 77.60850284260232 4.9629721115197754 14.898697117780101 2.6732236752286553 112.00470758823212 283.26917198242154 14.73591889326053 103.11518761224579 5.6400728581938884 53.873056221200386
leaf_count=1277 1575 975 6229 1667 2112 574 856 1887 2782 6175 909 1616 97 3045
internal_value=2.15625e-10 0.000645429 0.00157092 0.00249692 0.00483257 0.00140599 -0.00749068 -0.00452221 0.0126138 0.003009 -0.0239556 0.00356817 0.000868778 0.00523131
internal_weight=834.501 822.119 794.984 768.025 622.878 433.265 145.147 130.248 189.613 396.987 26.9587 392.024 288.909 56.5463
internal_count=31776 30499 28924 27040 15023 10129 12017 11161 4894 8462 1884 7888 6272 4932
is_linear=0
shrinkage=0.05


Tree=80
num_leaves=15
num_cat=0
split_feature=4 0 6 6 7 6 8 0 9 7 4 9 4 5
split_gain=8.00077 6.18625 6.32029 5.6236 5.10202 5.42738 3.69027 4.81227 4.44329 3.37792 4.2084 2.91658 2.77625 2.72158
threshold=0.31499999761581426 0.35000000894069677 -1.0000000180025095e-35 3.5000000000000004 -1.0000000180025095e-35 1.5000000000000002 -1.0000000180025095e-35 0.15000000223517421 1.5000000000000002 4.5000000000000009 1.235000014305115 1.0000000180025095e-35 -0.57499998807907093 23.500000000000004
decision_type=8 10 8 10 8 10 10 10 8 10 8 10 10 10
left_child=12 2 -2 4 -4 6 8 -8 9 10 -6 -7 -1 -13
right_child=1 -3 3 -5 5 11 7 -9 -10 -11 -12 13 -14 -15
leaf_value=-0.036646721155587536 -0.042064094130549672 0.017449830845021927 -0.0093994309221747813 -0.009591274111194972 0.025419873960604619 0.005952030198573606 -0.00080312233755907539 0.023965885341256848 -0.012491702322765285 0.035984003416278471 -0.045250780614862963 0.009806380981152607 -0.0098751236216808608 0.028232380174109069
leaf_weight=10.022721031040417 7.6017317461955827 57.724796045571566 70.561642616077734 103.10663034290337 3.402410748647525 192.15546890289988 79.930018228238623 24.958754725637846 85.271639799029799 8.2610783356940356 3.1027115865726955 53.79975354205817 96.868273218060494 32.742707128345501
leaf_count=931 903 1020 5172 4421 80 4747 2466 490 2691 226 103 1601 5877 1048
internal_value=-6.24064e-11 0.00189382 0.000519106 0.00107474 0.00307286 0.00490823 -0.00126765 0.00526144 -0.00809767 0.0164598 -0.00982558 0.00943765 -0.0127018 0.0170206
internal_weight=829.51 722.619 664.895 657.293 554.186 483.625 204.927 104.889 100.038 14.7662 6.50512 278.698 106.891 86.5425
internal_count=31776 24968 23948 23045 18624 13452 6056 2956 3100 409 183 7396 6808 2649
is_linear=0
shrinkage=0.05


Tree=81
num_leaves=15
num_cat=0
split_feature=5 0 3 7 3 8 9 7 7 6 5 8 4 6
split_gain=7.91212 7.0896 5.89 5.17464 3.35278 3.27854 3.37615 3.10431 3.07053 3.47534 3.03616 2.85246 2.92202 3.20813
threshold=-1.0000000180025095e-35 1.0000000180025095e-35 1.0000000180025095e-35 -1.0000000180025095e-35 1.0000000180025095e-35 1.5000000000000002 -1.0000000180025095e-35 -1.0000000180025095e-35 -1.0000000180025095e-35 1.0000000180025095e-35 -10.499999999999998 -1.0000000180025095e-35 0.41499999165534979 3.5000000000000004
decision_type=8 8 10 8 8 10 8 8 10 8 10 8 10 8
left_child=4 7 3 -3 -1 -5 -7 -2 9 -4 -6 -9 -13 -14
right_child=1 2 8 5 10 6 -8 11 -10 -11 -12 12 13 -15
leaf_value=-0.029585380963916021 -0.03724541434069055 -0.012868456847878068 -0.021563407344435733 0.00027963917348362442 0.0039027457174243795 -0.030038156265728089 0.016262511299877255 -0.04709804011454953 0.020718992829578134 0.0089263281432491598 -0.021642534163715033 -0.01028972453535351 0.0096055193459952306 -0.013861353608230551
leaf_weight=26.365966922632651 7.2316603699509869 61.171687675465364 9.006062899308743 230.34220369624381 26.229727751982864 3.3162621040828526 57.168652254447807 3.0744907395564951 55.683480188017711 154.29143297555856 19.546141923579853 95.966401353827678 50.988434436512762 19.264279678929597
leaf_count=2358 3588 3370 405 5269 827 160 1516 438 1199 2054 958 6044 2585 1005
internal_value=1.88631e-11 0.00153377 0.00424105 0.000229334 -0.015696 0.00301894 0.0132767 -0.00719765 0.0106593 0.00712377 -0.0072345 -0.00570293 -0.00466018 0.00306635
internal_weight=819.647 747.505 570.98 351.999 72.1418 290.827 60.4849 176.525 218.981 163.297 45.7759 169.294 166.219 70.2527
internal_count=31776 27633 13973 10315 4143 6945 1676 13660 3658 2459 1785 10072 9634 3590
is_linear=0
shrinkage=0.05


Tree=82
num_leaves=15
num_cat=0
split_feature=6 8 5 0 7 9 3 4 7 1 4 3 4 0
split_gain=7.74677 7.10111 6.24283 6.8861 6.07656 4.30976 4.03846 3.74425 4.08214 3.57653 3.95216 3.29587 2.94358 2.93165
threshold=1.0000000180025095e-35 -1.0000000180025095e-35 -1.0000000180025095e-35 0.15000000223517421 17.500000000000004 -1.0000000180025095e-35 1.0000000180025095e-35 -0.10500000044703482 -1.0000000180025095e-35 1.0000000180025095e-35 0.78499999642372142 1.0000000180025095e-35 0.75499999523162853 0.15000000223517421
decision_type=8 8 8 10 10 8 10 8 10 10 10 10 10 8
left_child=-1 -2 13 5 6 -4 12 -7 -9 10 -10 -12 -5 -3
right_child=1 2 3 4 -6 7 -8 8 9 -11 11 -13 -14 -15
leaf_value=-0.017557504947899885 -0.024137280114730705 -0.029270961735938319 -0.032355767931985496 -0.00063355766772139627 0.045245840427939645 -0.035803058383558524 0.015957166616717013 -0.0033705148257747266 -0.0056884532688720752 0.017592192786705929 0.00071256833543864074 0.027767226413815616 0.01571446471326789 -0.0056043235321318313
leaf_weight=57.336653848062269 25.383390810340643 17.846559583515045 9.3096246480708924 119.53163004758244 10.684967841370961 6.0185674348613247 101.47944963746704 222.31271791301697 67.780841945263091 52.743005907628685 24.222712910341215 20.119071617460577 34.748742501600645 44.984278944088146
leaf_count=4009 1821 2206 856 2629 302 1097 1277 9753 2636 1141 1443 410 889 1307
internal_value=2.57454e-10 0.00135095 0.0022668 0.00368749 0.00990629 -0.000443485 0.00825943 0.000392257 0.00104569 0.00698512 0.0018841 0.0133297 0.00312601 -0.0126799
internal_weight=814.502 757.166 731.782 668.951 266.445 402.507 255.76 393.197 387.178 164.866 112.123 44.3418 154.28 62.8308
internal_count=31776 27767 25946 22433 5097 17336 4795 16480 15383 5630 4489 1853 3518 3513
is_linear=0
shrinkage=0.05


Tree=83
num_leaves=15
num_cat=0
split_feature=6 1 5 9 7 3 0 4 4 5 9 0 0 5
split_gain=7.38911 7.23435 5.87161 4.85233 5.55269 3.95916 3.9345 3.75174 3.64984 3.35004 3.45291 3.40322 3.25211 2.86954
threshold=-1.0000000180025095e-35 1.0000000180025095e-35 -1.0000000180025095e-35 -1.0000000180025095e-35 -1.0000000180025095e-35 1.0000000180025095e-35 0.15000000223517421 0.33500000834465032 0.23499999940395358 46.500000000000007 1.5000000000000002 0.45000000298023229 0.15000000223517421 -1.0000000180025095e-35
decision_type=8 8 8 8 10 8 8 8 10 10 8 10 10 8
left_child=-1 6 5 -4 7 -3 13 -5 -6 11 -11 -9 -10 -2
right_child=1 2 3 4 8 -7 -8 9 12 10 -12 -13 -14 -15
leaf_value=-0.038162748608879915 -0.045001997821657168 -0.026760588140057058 -0.018812377196755319 -0.01329433295389117 0.0039860258884946301 -0.0015971222204395202 -0.032835172298987789 0.0014315771017204047 0.011963149705379577 -0.019804500298672343 0.03089680099870791 0.028917356403751166 0.031078708626075049 -0.0050528916747439485
leaf_weight=11.488266688247675 3.6895546686864691 24.433280239405576 20.680355245422106 35.123519253218547 68.801686691527721 40.917546833574306 15.12890217930544 331.2382111268962 63.630149528617039 3.3595010975841433 17.959697147714909 10.665054040029643 35.265956364804879 125.27201040663203
leaf_count=1277 1064 1826 1013 1894 1908 1063 931 6725 1459 84 317 170 1111 10934
internal_value=-1.41619e-10 0.000597851 0.00284081 0.00442864 0.00530942 -0.0112667 -0.00950216 0.00208382 0.0129137 0.0036033 0.0223779 0.00237078 0.0190226 -0.0065333
internal_weight=807.654 796.165 652.075 586.724 566.044 65.3508 144.09 398.346 167.698 363.222 21.3192 341.903 98.8961 128.962
internal_count=31776 30499 17570 14681 13668 2889 12929 9190 4478 7296 401 6895 2570 11998
is_linear=0
shrinkage=0.05


Tree=84
num_leaves=15
num_cat=0
split_feature=4 0 5 7 0 1 5 6 5 8 9 0 7 7
split_gain=7.4501 6.21808 4.67781 4.55855 3.75731 3.71598 3.54573 3.20889 3.07787 2.86328 3.12627 2.72227 2.68047 2.64409
threshold=-1.0000000180025095e-35 1.0000000180025095e-35 -1.0000000180025095e-35 -1.0000000180025095e-35 1.0000000180025095e-35 1.0000000180025095e-35 1.0000000180025095e-35 -1.0000000180025095e-35 40.500000000000007 -1.0000000180025095e-35 -1.0000000180025095e-35 0.25000000745058065 -1.0000000180025095e-35 6.5000000000000009
decision_type=8 8 8 10 10 8 10 8 10 10 8 10 8 8
left_child=-1 6 -3 7 5 -5 -2 -4 11 -6 -11 -9 -8 -14
right_child=1 2 3 4 9 -7 12 8 -10 10 -12 -13 13 -15
leaf_value=-0.021872483953860992 -0.02364771650518957 -0.0098148777634338245 -0.039323490696588977 -0.026331998786041439 0.0040431138819390262 0.0075435016389010113 -0.034691537082010032 -0.002108843752517279 0.013804792072731163 -0.0062681870976993128 0.027357124552577085 0.0080800018881090514 0.0090183116310638377 -0.0065607349565130054
leaf_weight=36.136868173081893 26.710776948973944 58.507469142699847 3.6405605702311732 8.5843556645559129 26.016761572449468 51.307153179252055 5.841298517632822 235.98233402566984 51.09001972983242 7.4059952953830361 60.912328592326958 89.637233939021826 35.575145331094973 106.08678224790492
leaf_count=3323 2773 2151 534 403 591 680 3033 5082 1005 214 2108 1504 1768 6607
internal_value=5.4011e-12 0.00105724 0.0034972 0.00496976 0.0121918 0.00233536 -0.00722176 0.00201704 0.00251961 0.0183593 0.0236742 0.000712114 -0.00410804 -0.00261262
internal_weight=803.435 767.298 593.084 534.577 154.227 59.8915 174.214 380.35 376.71 94.3351 68.3183 325.62 147.503 141.662
internal_count=31776 28453 14272 12121 3996 1083 14181 8125 7591 2913 2322 6586 11408 8375
is_linear=0
shrinkage=0.05


Tree=85
num_leaves=15
num_cat=0
split_feature=6 8 9 7 0 0 4 5 5 3 6 0 5 1
split_gain=6.99373 6.20486 5.86427 5.34861 5.30864 4.40019 3.85306 4.13748 3.72852 3.19771 3.02929 2.4873 2.47682 2.46682
threshold=1.0000000180025095e-35 -1.0000000180025095e-35 -1.0000000180025095e-35 -1.0000000180025095e-35 0.15000000223517421 1.0000000180025095e-35 0.39499999582767492 37.500000000000007 40.500000000000007 1.0000000180025095e-35 3.5000000000000004 0.35000000894069677 -1.0000000180025095e-35 1.0000000180025095e-35
decision_type=8 8 8 10 10 8 10 8 10 10 8 10 8 10
left_child=-1 -2 -3 5 6 -4 7 -5 9 12 13 -11 -7 -8
right_child=1 2 3 4 -6 8 10 -9 -10 11 -12 -13 -14 -15
leaf_value=-0.01696514252814604 -0.022749501658847912 -0.021756050262831547 -0.011029744511275372 -0.01436718513144164 0.021427982010962857 -0.025822819476640557 0.009996614506104241 0.0098873759110590636 0.015033165625786491 0.0038614799216409022 -0.001604409885122101 0.028395558945406053 -0.0025557286349454107 0.030588765878407725
leaf_weight=55.459186919310014 24.916711045647389 23.774471270953654 76.382481787448341 41.709579053363996 62.853772756003309 11.244711957042453 48.231483277864754 28.981665852450533 47.275965235661715 132.02117100078613 33.75068657239899 10.266208173707126 179.83988343944657 20.953171706059948
leaf_count=4009 1821 1386 7671 2265 1758 895 2206 857 827 1813 1245 129 4270 624
internal_value=4.44536e-11 0.0012888 0.00215434 0.00300417 0.00909126 -0.00015844 0.00452816 -0.0044242 0.00204623 0.00016508 0.0106596 0.00581746 -0.00405223 0.0165801
internal_weight=797.661 742.202 717.285 693.511 236.48 457.03 173.627 70.6912 380.648 333.372 102.935 142.287 191.085 69.1847
internal_count=31776 27767 25946 24560 8955 15605 7197 3122 7934 7107 4075 1942 5165 2830
is_linear=0
shrinkage=0.05


Tree=86
num_leaves=15
num_cat=0
split_feature=4 6 1 7 7 5 3 0 5 3 0 9 7 5
split_gain=6.95938 5.90187 5.57231 5.38687 3.53722 3.47169 3.07024 3.18581 2.81734 2.78983 2.74074 2.47925 2.43587 2.86233
threshold=-1.0000000180025095e-35 -1.0000000180025095e-35 1.0000000180025095e-35 -1.0000000180025095e-35 -1.0000000180025095e-35 1.0000000180025095e-35 1.0000000180025095e-35 1.0000000180025095e-35 50.500000000000007 1.0000000180025095e-35 0.45000000298023229 1.5000000000000002 6.5000000000000009 -1.0000000180025095e-35
decision_type=8 8 8 10 8 8 10 10 10 10 10 8 8 10
left_child=-1 -2 4 5 -3 -4 7 -6 10 -5 -7 -10 -8 -14
right_child=1 2 3 9 6 8 12 -9 11 -11 -12 -13 13 -15
leaf_value=-0.02128946172342229 -0.035287288966982057 -0.045545917712665793 -0.01323719177486363 0.0065243509862246037 -0.017278263383255565 0.00040495143080919097 0.014622583815132427 0.038155254182868817 -0.016161062904461482 0.019885982854709841 0.024162555809118864 0.034797743805661835 -0.042093787840274718 -0.0014907272921806086
leaf_weight=35.617438958550338 10.026581544676445 4.8622090807475615 40.293535445060115 124.62138743547257 52.512446016946342 362.47040177193412 21.315975886187516 1.8010656617116172 2.4031019415706378 57.079103247378953 11.561755833681671 10.051661510253323 3.7276619546464635 54.111781415325822
leaf_count=3323 1148 3052 1716 3603 6210 8116 611 57 68 1223 203 160 451 1835
internal_value=-5.74952e-11 0.00102867 0.00156278 0.00362314 -0.00746115 0.000546254 -0.00574535 -0.0147835 0.00201371 0.0108076 0.0012018 0.0244951 0.000563348 -0.00477846
internal_weight=792.456 756.839 746.812 608.481 138.331 426.78 133.469 54.3135 386.487 181.7 374.032 12.4548 79.1554 57.8394
internal_count=31776 28453 27305 15089 12216 10263 9164 6267 8547 4826 8319 228 2897 2286
is_linear=0
shrinkage=0.05


Tree=87
num_leaves=15
num_cat=0
split_feature=4 0 6 6 7 1 7 6 8 0 5 6 0 4
split_gain=6.46674 5.33728 5.24095 4.91107 3.40971 3.19374 3.07457 2.97603 3.32759 2.54967 3.90492 2.75137 3.40472 2.45057
threshold=0.31499999761581426 0.35000000894069677 1.0000000180025095e-35 3.5000000000000004 -1.0000000180025095e-35 1.0000000180025095e-35 -15.499999999999998 1.5000000000000002 1.5000000000000002 1.0000000180025095e-35 12.500000000000002 2.5000000000000004 0.15000000223517421 -0.57499998807907093
decision_type=8 10 8 10 10 10 10 8 8 8 8 8 10 10
left_child=13 2 -2 4 6 -6 7 -4 -9 -10 11 12 -11 -1
right_child=1 -3 3 -5 5 -7 -8 8 9 10 -12 -13 -14 -15
leaf_value=-0.035273440664740398 -0.016902365168898578 0.016684835330268485 -0.0064555137098064042 -0.0085087962241843281 0.0032027079645988044 0.016956050296560971 -0.012776927376569124 -0.0089921395552690266 -0.0033172302209867818 -0.017185155865975226 0.015803668976650965 -0.016641248453976656 0.024735343890103234 -0.0091121160344474639
leaf_weight=9.1757258038560376 39.808112398997764 53.895890169776976 70.736416949279374 98.708827556001779 95.396223515592283 75.558294520131312 36.806180566207331 33.559271019199514 39.067877391789807 6.6958183664828566 107.04380184831098 17.805192047031596 12.46823349688202 90.231419950388954
leaf_count=931 2918 1020 2254 4421 3833 1876 3080 1016 2514 165 1331 369 171 5877
internal_value=2.80795e-11 0.00172862 0.000432228 0.0016207 0.00365316 0.00934465 0.000632308 0.00238807 0.00529203 0.00794498 0.011002 -0.00295119 0.00996266 -0.0118542
internal_weight=786.957 687.55 633.654 593.846 495.137 170.955 324.183 287.377 216.64 183.081 144.013 36.9692 19.1641 99.4071
internal_count=31776 24968 23948 21030 16609 5709 10900 7820 5566 4550 2036 705 336 6808
is_linear=0
shrinkage=0.05


Tree=88
num_leaves=15
num_cat=0
split_feature=5 8 3 1 0 6 9 7 0 7 4 7 4 1
split_gain=6.589 6.68447 5.4073 5.25933 4.42735 3.95412 3.59557 3.55994 3.257 2.83458 3.06161 2.49505 2.47174 2.64892
threshold=1.0000000180025095e-35 -1.0000000180025095e-35 1.0000000180025095e-35 1.0000000180025095e-35 0.15000000223517421 -1.0000000180025095e-35 -1.0000000180025095e-35 1.0000000180025095e-35 1.0000000180025095e-35 -1.0000000180025095e-35 1.2549999952316286 5.5000000000000009 -0.054999999701976769 1.0000000180025095e-35
decision_type=8 8 10 8 10 8 8 10 10 10 10 10 10 10
left_child=-1 -2 3 8 9 -5 -7 -8 -3 -4 -11 -6 -9 -14
right_child=1 2 4 5 11 6 7 12 -10 10 -12 -13 13 -15
leaf_value=-0.013647328164986917 -0.024413977073290793 -0.01806815817482053 -0.0022387049836448676 -0.041898133951081454 0.012757977382526592 -0.025635951704777282 -0.00084423546329501849 -0.00069744656355838464 0.037290452151711298 0.0055595123528338957 0.03255681682989197 0.036392126090594099 -0.0012160591082208422 0.021386906869569355
leaf_weight=78.472147040374693 22.971370169412694 52.861321747695911 106.57904605504154 4.2867581377940951 92.788262246409431 10.646785872871986 228.28636742569506 33.861890181753552 1.8805370817135543 56.384475405386183 12.087578538776141 12.252339016296899 17.126237894408405 51.016701204469427
leaf_count=4519 1838 7407 3904 699 1309 651 6249 920 75 1663 291 305 374 1572
internal_value=-1.18517e-10 0.00154054 0.0024518 -0.00128014 0.00776654 0.00101803 0.00167858 0.00263378 -0.0155316 0.00286441 0.0107255 0.0158319 0.0103502 0.0157707
internal_weight=781.502 703.03 680.058 399.967 280.092 345.225 340.938 330.291 54.7419 175.051 68.4721 105.041 102.005 68.1429
internal_count=31776 27257 25419 17947 7472 10465 9766 9115 7482 5858 1954 1614 2866 1946
is_linear=0
shrinkage=0.05


Tree=89
num_leaves=15
num_cat=0
split_feature=4 0 3 5 5 0 6 6 7 5 7 7 0 9
split_gain=6.36567 5.4218 4.3959 3.5836 3.51254 2.99461 2.52387 3.02822 2.3972 3.53372 2.82324 2.32986 3.18562 2.28878
threshold=0.31499999761581426 1.0000000180025095e-35 1.0000000180025095e-35 1.0000000180025095e-35 1.5000000000000002 0.35000000894069677 3.5000000000000004 1.0000000180025095e-35 -1.0000000180025095e-35 45.500000000000007 -6.4999999999999991 -3.4999999999999996 0.25000000745058065 1.0000000180025095e-35
decision_type=8 8 10 10 8 10 8 10 10 10 10 8 10 10
left_child=11 3 4 -2 -3 8 7 -5 9 10 -4 -1 -13 -6
right_child=1 2 5 6 13 -7 -8 -9 -10 -11 -12 12 -14 -15
leaf_value=-0.026125422654304006 -0.024839076149382688 -0.01562753017476106 0.0044273098730385875 -0.026970859962925305 -0.0013605795161516143 0.030359421222196842 -0.01577905044445627 0.003321586459291084 0.018119591053977001 0.030275643369500234 -0.024079333028558966 -0.013285015110440996 0.010144253650552883 0.0077951508638531607
leaf_weight=21.356670598950586 21.953248078847537 29.898003719441476 130.83614377299091 8.0732028629499819 179.71025974224904 15.332239108742213 30.010531415216974 89.986041465850576 43.72130040533375 11.570959426346233 8.3073008980718424 58.063213169967639 18.414900932883029 108.82894377727644
leaf_count=1975 2410 1444 1814 961 4281 253 2540 6597 900 150 295 4216 617 3323
internal_value=8.07313e-12 0.00172517 0.00410754 -0.00663441 0.000398836 0.00970892 -0.00334556 0.00058052 0.00793351 0.00487864 0.0025657 -0.011856 -0.00758545 0.0021077
internal_weight=776.063 678.228 528.205 150.023 318.437 209.768 128.07 98.0592 194.436 150.714 139.143 97.8348 76.4781 288.539
internal_count=31776 24968 12460 12508 9048 3412 10098 7558 3159 2259 2109 6808 4833 7604
is_linear=0
shrinkage=0.05


Tree=90
num_leaves=15
num_cat=0
split_feature=5 8 0 6 9 4 7 1 5 7 3 0 1 5
split_gain=6.36111 5.65756 5.36521 5.39526 5.31142 4.36277 4.41426 4.67137 4.05528 3.35387 3.25738 4.80388 3.12005 3.41626
threshold=-1.0000000180025095e-35 -1.0000000180025095e-35 0.25000000745058065 -1.0000000180025095e-35 -1.0000000180025095e-35 -0.03499999921768903 -1.0000000180025095e-35 1.0000000180025095e-35 52.500000000000007 -1.0000000180025095e-35 1.0000000180025095e-35 1.0000000180025095e-35 1.0000000180025095e-35 23.500000000000004
decision_type=8 8 10 8 8 8 10 10 10 10 10 10 8 8
left_child=-1 -2 3 -3 -5 -6 8 10 12 -4 11 -8 13 -7
right_child=1 2 9 4 5 6 7 -9 -10 -11 -12 -13 -14 -15
leaf_value=-0.014560108743470947 -0.022483513342806533 -0.045753999342927364 0.0070511675649617897 -0.027874348571911251 -0.024574664756209941 -0.00078153425035088961 -0.01118185498024547 0.018304010579766217 0.032955462990234698 0.026587365594143892 0.01120910352750755 0.027674531190222597 0.0001420094454400827 -0.025487187816815624
leaf_weight=67.378378031309694 22.935676343200612 5.3444723184948089 102.27665283018723 14.880613717934464 14.613219897932138 28.809804978685868 53.835178277338855 71.716935886710417 7.4646206682227776 27.447915507364087 51.8464247288357 8.3322043772786838 267.76722684406559 26.327009455817453
leaf_count=4143 1867 852 1929 1132 1806 2930 3596 1832 235 904 1170 162 5970 3248
internal_value=-5.39012e-11 0.001413 0.00225002 8.91017e-05 0.000621053 0.00147095 0.00225453 0.00839968 -0.00121515 0.0113565 0.00206468 -0.00561832 -0.00210438 -0.012822
internal_weight=770.976 703.598 680.662 550.938 545.593 530.713 516.099 185.731 330.369 129.725 114.014 62.1674 322.904 55.1368
internal_count=31776 27633 25766 22933 22081 20949 19143 6760 12383 2833 4928 3758 12148 6178
is_linear=0
shrinkage=0.05


Tree=91
num_leaves=15
num_cat=0
split_feature=6 9 4 8 0 5 7 1 3 4 4 7 0 3
split_gain=6.21472 5.22266 4.9153 5.12975 4.09824 4.32166 3.92501 3.41728 3.04206 3.01718 2.68735 2.60891 2.57264 2.98322
threshold=1.0000000180025095e-35 -1.0000000180025095e-35 1.2450000047683718 -1.0000000180025095e-35 0.15000000223517421 -1.0000000180025095e-35 17.500000000000004 1.0000000180025095e-35 1.0000000180025095e-35 1.044999957084656 -1.0000000180025095e-35 -1.0000000180025095e-35 1.0000000180025095e-35 1.0000000180025095e-35
decision_type=8 8 10 8 10 8 10 10 8 10 8 8 10 10
left_child=-1 -2 3 -3 5 -5 8 11 10 -10 -6 -7 13 -13
right_child=1 2 -4 4 6 7 -8 -9 9 -11 -12 12 -14 -15
leaf_value=-0.016420004179511886 -0.021280288162227178 -0.024689593074227977 0.014030172205560987 -0.025437833567285458 -0.028125045843750626 -0.035890666574982626 0.036276899153898402 0.0041788694438255952 0.012209542399906735 -0.025917066961153284 0.0013351762109309795 -0.01384479244560155 0.017659565729648764 0.00057300437051108417
leaf_weight=52.599529674298537 23.869862806401215 18.48652451558155 75.090030389284948 17.855856739581213 7.293524228152819 6.0174673098081257 9.4402051620418188 166.68347657343838 114.6052138931118 4.5163265746086827 115.27459935192019 69.085545332636684 11.013502346584572 73.351728854875546
leaf_count=4009 1491 1459 3265 2086 505 2279 295 4192 1507 97 2762 5364 220 2245
internal_value=-2.89127e-10 0.00123336 0.00204337 0.000556089 0.00138039 -0.00216328 0.00622397 -0.000815209 0.00490549 0.0105603 -0.000631301 -0.00602876 -0.00463295 -0.00646775
internal_weight=765.183 712.584 688.714 613.624 595.137 344.008 251.13 326.152 241.69 119.122 122.568 159.468 153.451 142.437
internal_count=31776 27767 26276 23011 21552 16386 5166 14300 4871 1604 3267 10108 7829 7609
is_linear=0
shrinkage=0.05


Tree=92
num_leaves=15
num_cat=0
split_feature=5 0 7 4 5 6 3 4 9 8 7 3 0 9
split_gain=6.04095 5.22155 4.58985 3.61247 3.5241 3.60537 2.87912 2.59514 2.63959 2.58674 2.72988 2.6393 2.53992 2.40455
threshold=-1.0000000180025095e-35 1.0000000180025095e-35 -1.0000000180025095e-35 1.2250000238418581 40.500000000000007 4.5000000000000009 1.0000000180025095e-35 -1.0000000180025095e-35 -1.0000000180025095e-35 -1.0000000180025095e-35 -1.0000000180025095e-35 1.0000000180025095e-35 0.25000000745058065 1.0000000180025095e-35
decision_type=8 8 8 10 10 10 8 8 8 8 10 10 8 10
left_child=-1 7 6 4 5 13 12 -2 -9 -10 -11 -12 -3 -4
right_child=1 2 3 -5 -6 -7 -8 8 9 10 11 -13 -14 -15
leaf_value=-0.014286732404441907 -0.044632496023010879 -0.028367365608636466 0.0009770702089486388 0.019476633508196214 0.016453477951682016 -0.019457151152002555 0.0017120844459248214 -0.047246999602924583 -0.045367030290971298 -0.010212065876190002 -0.0055513312120993282 0.012652462660219408 -0.0043308211837409672 0.010492659282698373
leaf_weight=66.440655104030157 3.3631507181853522 19.314540012535872 228.45370049562189 43.655020195117686 51.789396155683789 16.668856647214852 55.940773503942182 2.6932739461626625 2.7627226241020253 73.144881722364516 40.865596735151485 37.079006189422216 24.891058336128481 92.726509557745885
leaf_count=4143 891 1931 4105 958 1100 480 1782 474 607 7305 3329 1054 1028 2589
internal_value=4.52985e-11 0.00138764 0.00376326 0.00599168 0.00443483 0.00254936 -0.00584215 -0.00651132 -0.00541424 -0.00438155 -0.00333875 0.00315897 -0.0152282 0.00374831
internal_weight=759.789 693.348 533.44 433.293 389.638 337.849 100.146 159.909 156.545 153.852 151.089 77.9446 44.2056 321.18
internal_count=31776 27633 13973 9232 8274 7174 4741 13660 12769 12295 11688 4383 2959 6694
is_linear=0
shrinkage=0.05


Tree=93
num_leaves=15
num_cat=0
split_feature=4 6 1 7 5 4 6 0 0 8 3 5 7 7
split_gain=6.03051 5.14137 5.31265 4.88457 3.28138 3.38919 3.22502 4.58652 3.20914 2.78228 2.70873 2.32204 2.26389 2.22933
threshold=-1.0000000180025095e-35 -1.0000000180025095e-35 1.0000000180025095e-35 -1.0000000180025095e-35 17.500000000000004 0.9350000023841859 2.5000000000000004 0.55000001192092907 0.15000000223517421 1.0000000180025095e-35 1.0000000180025095e-35 19.500000000000004 -1.0000000180025095e-35 -8.4999999999999982
decision_type=8 8 8 10 10 8 8 8 8 8 10 10 8 10
left_child=-1 -2 8 4 13 -6 7 -7 12 -10 -5 -8 -3 -4
right_child=1 2 3 10 5 6 11 -9 9 -11 -12 -13 -14 -15
leaf_value=-0.020611900988417396 -0.034553227822331334 -0.040824896371124381 -0.0022410065010544321 0.0062228048325640994 -0.0077355695408395835 -0.0023199245114803734 0.03963093584119412 0.033937438734853907 0.015698714827189396 -0.038749660962083626 0.019789023257362336 0.012137418565185527 -0.0034013299828584936 -0.019818934977062736
leaf_weight=32.895530112902634 9.0473428600234893 3.2091662265011109 183.6308822639694 117.11673026316566 41.582097096019424 81.024965037067886 7.9934385222150004 8.7624433551682142 2.2959187275846471 11.772375160275258 53.728472429676913 70.574349981616251 111.53651608336077 19.053345880791312
leaf_count=3323 1148 2830 4285 3603 1568 1780 119 110 109 774 1223 1376 8503 1025
internal_value=-1.28815e-10 0.000967221 0.00146621 0.00349655 0.000545366 0.00491506 0.00806687 0.00155331 -0.00768635 -0.0294117 0.0105795 0.0153975 -0.00479165 -0.00398261
internal_weight=754.224 721.328 712.281 583.467 412.622 209.937 168.355 89.7874 128.814 14.0683 170.845 78.5678 114.746 202.684
internal_count=31776 28453 27305 15089 10263 4953 3385 1890 12216 883 4826 1495 11333 5310
is_linear=0
shrinkage=0.05


Tree=94
num_leaves=15
num_cat=0
split_feature=6 0 9 5 8 7 1 4 5 6 3 0 3 0
split_gain=5.94211 5.1791 5.93217 5.00993 5.11026 4.09856 4.61396 2.97252 2.75961 5.013 2.69556 3.59509 2.61692 2.44616
threshold=1.0000000180025095e-35 0.35000000894069677 -1.0000000180025095e-35 -1.0000000180025095e-35 -1.0000000180025095e-35 -1.0000000180025095e-35 1.0000000180025095e-35 0.23499999940395358 38.500000000000007 3.5000000000000004 1.0000000180025095e-35 1.0000000180025095e-35 1.0000000180025095e-35 1.0000000180025095e-35
decision_type=8 10 8 8 8 10 10 10 10 8 10 10 8 10
left_child=-1 2 -2 12 -5 10 13 -8 -9 -10 -6 -12 -4 -7
right_child=1 -3 3 4 5 6 7 8 9 -11 11 -13 -14 -15
leaf_value=-0.016198897454295341 -0.025846184670405448 0.01544534576184213 -0.03033537290421286 -0.025179162780307879 -0.0040041384855161411 -0.00054946810333820378 0.0054970397639926265 0.03229000307327249 0.031492729524396211 -0.029217593301850898 -0.0066993335946912138 0.009321104736831275 -0.0059775014566303096 0.022023776053543144
leaf_weight=51.643583281533211 20.590367245546076 57.622016171633732 15.970381140534299 15.621190424892118 200.80472812066728 96.278435116924811 29.957358532032231 36.658885173208546 6.4700837931595725 5.2555560687324032 48.958429640944814 117.01884761406109 33.406559616734739 12.703481701202689
leaf_count=4009 1440 1118 1917 1438 8844 4711 934 1147 230 89 2721 1437 1479 262
internal_value=1.29675e-10 0.00122118 -8.22065e-05 0.000814959 0.00214784 0.0029622 0.00895804 0.0181324 0.0256859 0.00412404 -0.000116037 0.00458372 -0.0143015 0.00225811
internal_weight=748.96 697.316 639.694 619.104 569.727 554.106 187.324 78.3419 48.3845 11.7256 366.782 165.977 49.3769 108.982
internal_count=31776 27767 26649 25209 21813 20375 7373 2400 1466 319 13002 4158 3396 4973
is_linear=0
shrinkage=0.05


Tree=95
num_leaves=15
num_cat=0
split_feature=6 4 0 6 2 5 8 7 5 3 5 6 5 7
split_gain=5.50683 4.68095 4.17764 3.45204 3.74966 3.13572 3.95902 3.20206 2.78818 2.63913 2.5773 2.57628 2.49642 2.12409
threshold=1.0000000180025095e-35 0.32500000298023229 0.15000000223517421 3.5000000000000004 1.0000000180025095e-35 -1.4999999999999998 -1.0000000180025095e-35 -1.0000000180025095e-35 1.5000000000000002 1.0000000180025095e-35 17.500000000000004 1.5000000000000002 14.500000000000002 5.5000000000000009
decision_type=8 8 10 10 8 8 10 10 10 8 8 10 10 10
left_child=-1 -2 3 4 -3 -4 9 -8 13 -7 12 -12 -11 -6
right_child=1 2 5 -5 8 6 7 -9 -10 10 11 -13 -14 -15
leaf_value=-0.015659297029725374 -0.0097129022991240179 -0.019197231522007557 -0.0073997055857741821 -0.012316846715059164 -0.013022531170405383 -0.0020423365441117535 0.011284975807010003 0.033000640713928095 0.0055090478514071934 0.0063069992584843144 -0.0023155202772680802 0.024692057988584398 -0.031938884310905004 0.0055009197541019605
leaf_weight=51.209706325120351 85.388419248924038 19.73863372291089 29.593235328211449 53.576315434307617 40.925881271923572 71.559675708180293 52.276653103646822 25.530289408285171 219.64162809363188 18.678397073410455 11.449441813863812 35.353122366592288 4.4524622573517254 23.813171150046401
leaf_count=4009 5980 899 784 3451 2179 1389 1237 957 9331 179 137 335 49 860
internal_value=5.20687e-11 0.00117979 0.0027266 -0.000736817 0.0013369 0.00768705 0.00974727 0.0187387 0.00282444 0.00470606 0.0115428 0.0181749 -0.00207344 -0.00622896
internal_weight=743.187 691.977 606.589 357.696 304.119 248.893 219.3 77.8069 284.381 141.493 69.9334 46.8026 23.1309 64.7391
internal_count=31776 27767 21787 16720 13269 5067 4283 2194 12370 2089 700 472 228 3039
is_linear=0
shrinkage=0.05


Tree=96
num_leaves=15
num_cat=0
split_feature=6 9 0 7 4 2 3 7 5 1 1 3 4 0
split_gain=5.30347 5.18088 4.97386 4.20637 3.91587 3.37932 3.15811 3.10977 2.77479 3.28805 2.55945 3.08548 2.41966 2.14087
threshold=-1.0000000180025095e-35 -1.0000000180025095e-35 0.15000000223517421 3.5000000000000004 -0.14500000327825543 1.0000000180025095e-35 1.0000000180025095e-35 -1.0000000180025095e-35 32.500000000000007 1.0000000180025095e-35 1.0000000180025095e-35 1.0000000180025095e-35 0.49500000476837164 0.45000000298023229
decision_type=8 8 10 10 8 8 8 10 10 8 10 10 8 10
left_child=-1 -2 4 6 -3 -6 -4 8 -7 -10 11 -9 -5 -8
right_child=1 2 3 12 5 7 13 10 9 -11 -12 -13 -14 -15
leaf_value=-0.035154373307615491 -0.022037544940590299 -0.037150961953040622 -0.0022889670463749341 0.0053175743357945521 -0.018924166133044942 -0.0074800020043204159 0.0076061817850785196 -0.0081884231377333753 -0.014634538352410596 0.012175225326867954 0.013281846231561241 0.0091805247206009268 0.027285817281233221 0.039992536201580935
leaf_weight=9.5754116940370277 23.622916396372602 6.8868065500864759 121.06844872847432 21.098289268964436 25.235643106847419 164.14407732066684 115.35048968205228 52.407524766778806 14.557195982793926 42.714209289551945 57.547792294935789 48.054053813510109 32.13110871904064 4.4229755331762126
leaf_count=1277 1575 1451 3641 839 1327 9033 1725 3954 1712 1050 1672 1495 939 86
internal_value=1.03831e-10 0.000509108 0.00129405 0.00624923 -0.00225324 -0.00156921 0.00340078 -0.000368217 -0.0041846 0.00522654 0.00497229 0.00012831 0.018837 0.00912337
internal_weight=738.817 729.242 705.619 294.071 411.547 404.66 240.842 379.425 221.415 57.2714 158.009 100.462 53.2294 119.773
internal_count=31776 30499 28924 7230 21694 20243 5452 18916 11795 2762 7121 5449 1778 1811
is_linear=0
shrinkage=0.05


Tree=97
num_leaves=15
num_cat=0
split_feature=6 8 0 7 5 9 7 5 4 1 3 4 4 5
split_gain=5.26697 4.6044 4.27773 3.68581 3.24255 3.09914 2.80618 2.78493 2.31458 2.50342 2.22952 3.62915 2.22614 2.1718
threshold=1.0000000180025095e-35 -1.0000000180025095e-35 0.15000000223517421 -1.0000000180025095e-35 -1.0000000180025095e-35 -1.0000000180025095e-35 -1.0000000180025095e-35 -1.0000000180025095e-35 0.78499999642372142 1.0000000180025095e-35 1.0000000180025095e-35 -1.0000000180025095e-35 0.44499999284744268 -1.4999999999999998
decision_type=8 8 10 10 8 8 10 8 10 10 8 10 10 10
left_child=-1 -2 4 7 12 -6 -7 -4 9 -8 11 -5 -3 -13
right_child=1 2 3 10 5 6 8 -9 -10 -11 -12 13 -14 -15
leaf_value=-0.015377638262134528 -0.020862725058311531 -0.033761942183846635 -0.012817589576420818 -0.017242920440272917 -0.029614920487643089 -0.0033801583273194158 -0.005197111766420434 0.0054661030612795664 0.013572076363372643 0.011969656710799914 0.02736047567655224 -0.00081374587939204372 -0.00016322115505808713 0.029134950040621523
leaf_weight=50.763812290140777 21.936371802628855 11.689469885517612 22.405070022155996 9.2624128204770368 7.850827297923388 209.41644519972033 60.846275436895667 191.12237841472961 55.415068395304843 31.347292718477547 28.5068451364059 9.5511428690515459 8.0782595775817736 15.282902121194638
leaf_count=4009 1821 1504 728 352 856 10233 3007 3517 2306 934 665 178 894 772
internal_value=-1.05117e-10 0.00116424 0.00192591 0.00666237 -0.00148279 -0.000387902 0.00033571 0.00349682 0.00559479 0.000705671 0.0172347 0.00823051 -0.0207005 0.0180311
internal_weight=733.475 682.711 660.774 276.131 384.644 364.876 357.025 213.527 147.609 92.1936 62.6033 34.0965 19.7677 24.834
internal_count=31776 27767 25946 6212 19734 17336 16480 4245 6247 3941 1967 1302 2398 950
is_linear=0
shrinkage=0.05


Tree=98
num_leaves=15
num_cat=0
split_feature=4 0 6 9 7 1 0 3 0 7 5 4 10 6
split_gain=5.46171 4.49171 4.72401 4.28595 3.95588 3.68096 3.12976 3.4814 3.00713 2.63606 2.85807 2.61096 2.41249 2.28764
threshold=-1.0000000180025095e-35 0.35000000894069677 -1.0000000180025095e-35 -1.0000000180025095e-35 -1.0000000180025095e-35 1.0000000180025095e-35 1.0000000180025095e-35 1.0000000180025095e-35 1.0000000180025095e-35 -6.4999999999999991 40.500000000000007 0.9650000035762788 1.0000000180025095e-35 2.5000000000000004
decision_type=8 10 8 8 10 10 10 10 8 10 10 10 8 10
left_child=-1 2 -2 -4 8 6 7 13 -5 10 -10 -3 -9 -6
right_child=1 11 3 4 5 -7 -8 12 9 -11 -12 -13 -14 -15
leaf_value=-0.020030432761760173 -0.03882558277479134 0.0084308458894078574 -0.022780428398815306 -0.011033497853468582 -0.0049685294497853402 0.01376084103335974 0.02177342385362491 -0.02375289300398245 -0.00058578940662279172 -0.016648973985844858 0.013569796211498807 0.034444732497736295 0.010571776702513623 -0.028336097700645775
leaf_weight=31.518807452550391 6.8477929742075503 45.058194835786708 18.652697433528374 73.271995994353347 37.690761976176873 94.49959889810998 14.00423001940362 4.8224471145076668 272.33108192858344 20.975127193014487 40.018344382289797 11.679150766576639 44.15132775407983 13.824780618000657
leaf_count=3323 1069 870 1322 8245 2408 2956 322 290 5950 1149 722 299 1197 1654
internal_value=4.27245e-11 0.000932084 -0.000270482 0.000206254 0.000938579 0.00651243 0.000462456 -0.00269273 -0.00193536 9.16259e-05 0.00126535 0.0142895 0.00678415 -0.0116596
internal_weight=729.346 697.828 641.09 634.242 615.59 208.993 114.494 100.489 406.597 333.325 312.349 56.7373 48.9738 51.5155
internal_count=31776 28453 27284 26215 24893 8827 5871 5549 16066 7821 6672 1169 1487 4062
is_linear=0
shrinkage=0.05


Tree=99
num_leaves=15
num_cat=0
split_feature=6 0 4 8 5 3 4 9 1 7 0 0 7 9
split_gain=4.94206 4.35276 4.6784 3.91429 4.22356 4.19142 3.37073 3.08013 2.81621 3.46244 2.3186 2.04809 2.57618 2.33984
threshold=1.0000000180025095e-35 0.35000000894069677 -0.14500000327825543 -1.0000000180025095e-35 1.0000000180025095e-35 1.0000000180025095e-35 1.2549999952316286 -1.0000000180025095e-35 1.0000000180025095e-35 1.0000000180025095e-35 1.0000000180025095e-35 1.0000000180025095e-35 5.5000000000000009 -1.0000000180025095e-35
decision_type=8 10 8 8 8 10 10 8 8 10 10 10 10 10
left_child=-1 2 -2 -4 -5 7 11 -6 10 -10 -9 -7 -13 -14
right_child=1 -3 3 4 5 6 -8 8 9 -11 -12 12 13 -15
leaf_value=-0.014993208404196393 -0.02510630539949002 0.014383720842742692 -0.022096520461262859 -0.012018026364384548 -0.030568971854739092 -1.1924843436596804e-05 0.026619667030937988 -0.013686539570128803 -0.0019271660691543562 0.010861823239114799 0.034352938644914427 0.0079344713292857794 -0.0059714785327472306 0.050905240800361601
leaf_weight=50.095639694416604 17.130892631903407 55.777640104235616 17.30708967744431 52.461930442412267 7.6095759509480558 86.200784733395267 20.786593984612409 45.71669851191109 176.85540982161183 74.387078181374818 1.714794146188068 110.47816973912995 2.2124723778106272 5.6913509158184743
leaf_count=4009 2128 1118 1510 3283 692 3364 823 6486 4640 2044 65 1372 43 199
internal_value=9.81459e-11 0.00113439 -8.16493e-05 0.000671645 0.00138287 0.00272531 0.00788479 -0.00108444 -0.000233736 0.00188741 -0.0112763 0.00586101 0.0101017 0.0361015
internal_weight=724.426 674.33 618.553 601.422 584.115 531.653 225.369 306.284 298.674 251.242 47.4315 204.583 118.382 7.90382
internal_count=31776 27767 26649 24521 23011 19728 5801 13927 13235 6684 6551 4978 1614 242
is_linear=0
shrinkage=0.05


end of trees

feature_importances:
Column_7=217
Column_0=206
Column_5=179
Column_3=173
Column_4=171
Column_6=144
Column_1=104
Column_9=101
Column_8=97
Column_2=4
Column_10=4

parameters:
[boosting: gbdt]
[objective: lambdarank]
[metric: ndcg]
[tree_learner: serial]
[device_type: cpu]
[data_sample_strategy: bagging]
[data: ]
[valid: ]
[num_iterations: 200]
[learning_rate: 0.05]
[num_leaves: 15]
[num_threads: 2]
[seed: 42]
[deterministic: 1]
[force_col_wise: 1]
[force_row_wise: 0]
[histogram_pool_size: -1]
[max_depth: -1]
[min_data_in_leaf: 20]
[min_sum_hessian_in_leaf: 0.001]
[bagging_fraction: 1]
[pos_bagging_fraction: 1]
[neg_bagging_fraction: 1]
[bagging_freq: 0]
[bagging_seed: 400]
[bagging_by_query: 0]
[feature_fraction: 1]
[feature_fraction_bynode: 1]
[feature_fraction_seed: 30056]
[extra_trees: 0]
[extra_seed: 12879]
[early_stopping_round: 0]
[early_stopping_min_delta: 0]
[first_metric_only: 0]
[max_delta_step: 0]
[lambda_l1: 0]
[lambda_l2: 1]
[linear_lambda: 0]
[min_gain_to_split: 0]
[drop_rate: 0.1]
[max_drop: 50]
[skip_drop: 0.5]
[xgboost_dart_mode: 0]
[uniform_drop: 0]
[drop_seed: 17869]
[top_rate: 0.2]
[other_rate: 0.1]
[min_data_per_group: 100]
[max_cat_threshold: 32]
[cat_l2: 10]
[cat_smooth: 10]
[max_cat_to_onehot: 4]
[top_k: 20]
[monotone_constraints: ]
[monotone_constraints_method: basic]
[monotone_penalty: 0]
[feature_contri: ]
[forcedsplits_filename: ]
[refit_decay_rate: 0.9]
[cegb_tradeoff: 1]
[cegb_penalty_split: 0]
[cegb_penalty_feature_lazy: ]
[cegb_penalty_feature_coupled: ]
[path_smooth: 0]
[interaction_constraints: ]
[verbosity: -1]
[saved_feature_importance_type: 0]
[use_quantized_grad: 0]
[num_grad_quant_bins: 4]
[quant_train_renew_leaf: 0]
[stochastic_rounding: 1]
[linear_tree: 0]
[max_bin: 255]
[max_bin_by_feature: ]
[min_data_in_bin: 3]
[bin_construct_sample_cnt: 200000]
[data_random_seed: 175]
[is_enable_sparse: 1]
[enable_bundle: 1]
[use_missing: 1]
[zero_as_missing: 0]
[feature_pre_filter: 1]
[pre_partition: 0]
[two_round: 0]
[header: 0]
[label_column: ]
[weight_column: ]
[group_column: ]
[ignore_column: ]
[categorical_feature: ]
[forcedbins_filename: ]
[precise_float_parser: 0]
[parser_config_file: ]
[objective_seed: 16083]
[num_class: 1]
[is_unbalance: 0]
[scale_pos_weight: 1]
[sigmoid: 1]
[boost_from_average: 1]
[reg_sqrt: 0]
[alpha: 0.9]
[fair_c: 1]
[poisson_max_delta_step: 0.7]
[tweedie_variance_power: 1.5]
[lambdarank_truncation_level: 30]
[lambdarank_norm: 1]
[label_gain: ]
[lambdarank_position_bias_regularization: 0]
[eval_at: 1,2,3,4,5]
[multi_error_top_k: 1]
[auc_mu_weights: ]
[num_machines: 1]
[local_listen_port: 12400]
[time_out: 120]
[machine_list_filename: ]
[machines: ]
[gpu_platform_id: -1]
[gpu_device_id: -1]
[gpu_use_dp: 0]
[num_gpu: 1]

end of parameters

pandas_categorical:null
